2013-01-01,-13,-6,晴,西北风,4-5级
2013-01-02,-14,-4,晴,西北风,3-4级转小于3级
2013-01-03,-13,-1,晴,西风,小于3级
2013-01-04,-11,-1,晴,西风,小于3级
2013-01-05,-12,-1,晴,北风,小于3级
2013-01-06,-11,0,晴转多云,西南风,小于3级
2013-01-07,-9,-1,晴,东风,小于3级
2013-01-08,-11,0,晴,北风,3-4级转小于3级
2013-01-09,-11,0,晴,西南风,小于3级
2013-01-10,-9,4,阴转晴,南风,小于3级转3-4级
2013-01-11,-7,2,雾转多云,西南风,小于3级
2013-01-12,-7,2,雾,东北风,小于3级
2013-01-13,-7,2,雾,西南风,小于3级
2013-01-14,-5,1,小雪转多云,南风,小于3级
2013-01-15,-7,0,小雪转多云,西南风,小于3级
2013-01-16,-9,2,晴,北风,小于3级
2013-01-17,-8,3,晴,南风,小于3级
2013-01-18,-7,2,晴转阴,东风,小于3级
2013-01-19,-4,-2,中雪,东风,小于3级
2013-01-20,-6,3,小雪转晴,西风,小于3级
2013-01-21,-7,2,晴,北风,小于3级
2013-01-22,-7,2,雾转阴,西南风,小于3级
2013-01-23,-6,3,晴,北风,4-5级转3-4级
2013-01-24,-9,-1,晴转多云,东风,小于3级
2013-01-25,-8,1,晴,东风,小于3级
2013-01-26,-8,2,晴,东风,小于3级
2013-01-27,-6,4,雾,西南风,小于3级
2013-01-28,-5,4,雾转晴,西南风,小于3级
2013-01-29,-4,0,雾,西南风,小于3级
2013-01-30,-3,0,小雪,东北风,小于3级
2013-01-31,-3,4,小雪转晴,西北风,3-4级
2013-02-01,-8,2,晴,东北风,小于3级
2013-02-02,-6,-1,小雪,西南风,小于3级
2013-02-03,-5,2,雾转晴,东风,3-4级
2013-02-04,-7,3,小雪,南风,小于3级
2013-02-05,-6,3,晴,西南风,小于3级转4-5级
2013-02-06,-11,-3,晴,东北风,5-6级转3-4级
2013-02-07,-12,-2,晴,西北风,小于3级
2013-02-08,-9,0,多云,西南风,小于3级
2013-02-09,-6,-1,多云转阴,西北风,小于3级
2013-02-10,-6,-1,阴转小雪,西北风,小于3级
2013-02-11,-6,2,小雪转晴,西南风,小于3级转3-4级
2013-02-12,-7,6,晴转多云,南风,小于3级
2013-02-13,-4,4,多云转阴,西北风,小于3级
2013-02-14,-6,4,多云转晴,西南风,小于3级
2013-02-15,-6,4,多云转阴,南风,小于3级
2013-02-16,-4,7,多云,南风,小于3级转4-5级
2013-02-17,-4,3,阴,东北风,小于3级转3-4级
2013-02-18,-8,2,晴,西北风,小于3级
2013-02-19,-7,5,多云转晴,南风,小于3级
2013-02-20,-7,6,晴转多云,西风,小于3级
2013-02-21,-3,7,霾转晴,西风,小于3级
2013-02-22,-4,9,晴,西风,小于3级
2013-02-23,-2,5,多云转雨夹雪,东北风,小于3级
2013-02-24,-3,1,小雪,东北风,小于3级
2013-02-25,-4,9,阴转晴,东北风,小于3级
2013-02-26,-3,11,晴转多云,西南风,小于3级
2013-02-27,2,14,阴转晴,北风,小于3级转6-7级
2013-02-28,-3,7,晴,北风,4-5级转3-4级
2013-03-01,-5,7,晴转多云,东北风,小于3级
2013-03-02,-4,13,多云转晴,南风,小于3级
2013-03-03,1,15,晴,北风,小于3级
2013-03-04,2,16,晴,西南风,小于3级
2013-03-05,4,15,多云,东风,小于3级
2013-03-06,2,17,晴转多云,西南风,小于3级
2013-03-07,4,19,霾转多云,东北风,小于3级转3-4级
2013-03-08,5,16,霾转晴,东风,小于3级转5-6级
2013-03-09,-2,10,晴,北风,4-5级转小于3级
2013-03-10,-2,13,晴转多云,西南风,小于3级
2013-03-11,4,9,小雨,南风,小于3级
2013-03-12,-1,9,多云转晴,东北风,小于3级
2013-03-13,-2,11,晴转多云,西南风,小于3级
2013-03-14,0,13,晴转多云,东南风,小于3级
2013-03-15,3,14,多云,北风,小于3级
2013-03-16,5,19,霾转多云,南风,小于3级
2013-03-17,6,11,霾转多云,东北风,小于3级
2013-03-18,2,4,阴转中雪,南风,小于3级
2013-03-19,-3,8,小雪转晴,东南风,小于3级
2013-03-20,0,14,晴转多云,西南风,小于3级
2013-03-21,2,11,多云转晴,东北风,3-4级
2013-03-22,1,13,晴转阴,南风,3-4级转4-5级
2013-03-23,-1,11,晴,北风,4-5级转小于3级
2013-03-24,-2,11,晴,西南风,小于3级
2013-03-25,1,15,晴转阴,西南风,小于3级
2013-03-26,4,17,霾转多云,南风,小于3级转3-4级
2013-03-27,3,11,晴转多云,东北风,3-4级转小于3级
2013-03-28,-1,11,晴转阴,西南风,小于3级
2013-03-29,1,10,雨夹雪转阴,东风,小于3级
2013-03-30,2,13,多云转阴,东南风,小于3级
2013-03-31,5,16,小雨转多云,东北风,3-4级
2013-04-01,0,19,晴,北风,3-4级转小于3级
2013-04-02,5,16,晴转多云,西南风,小于3级
2013-04-03,5,13,多云转小雨,西风,小于3级
2013-04-04,6,13,小雨转阴,北风,小于3级转4-5级
2013-04-05,2,14,晴,北风,3-4级转小于3级
2013-04-06,2,15,晴转阴,西南风,小于3级
2013-04-07,6,13,阴转多云,东北风,3-4级转5-6级
2013-04-08,4,13,多云,西北风,4-5级
2013-04-09,4,14,多云,西北风,3-4级
2013-04-10,2,17,晴,北风,小于3级转3-4级
2013-04-11,2,22,晴转多云,南风,小于3级
2013-04-12,8,23,多云,西南风,小于3级转4-5级
2013-04-13,6,16,多云转晴,北风,4-5级转小于3级
2013-04-14,5,20,晴转多云,南风,小于3级转3-4级
2013-04-15,7,20,阴转晴,东风,3-4级
2013-04-16,5,18,晴转多云,南风,小于3级
2013-04-17,8,15,多云转晴,东风,4-5级转3-4级
2013-04-18,5,8,阴,西南风,小于3级
2013-04-19,2,16,阴转晴,西南风,小于3级
2013-04-20,5,18,晴转多云,西南风,小于3级
2013-04-21,7,19,多云,西南风,小于3级转3-4级
2013-04-22,9,17,雾转阵雨,东南风,小于3级
2013-04-23,8,23,多云转晴,北风,小于3级转3-4级
2013-04-24,10,23,多云转晴,北风,3-4级
2013-04-25,8,23,晴转多云,东北风,小于3级
2013-04-26,9,23,多云,东南风,小于3级
2013-04-27,11,19,阴转阵雨,东风,小于3级
2013-04-28,11,27,多云转晴,东北风,3-4级转4-5级
2013-04-29,13,27,晴,西风,3-4级
2013-04-30,10,25,晴,东风,小于3级
2013-05-01,12,22,多云转阴,南风,小于3级转3-4级
2013-05-02,11,23,阴转晴,东风,小于3级
2013-05-03,12,27,晴转多云,西南风,小于3级
2013-05-04,13,30,晴,南风,小于3级
2013-05-05,16,30,晴,南风,小于3级
2013-05-06,17,30,霾转多云,西南风,小于3级
2013-05-07,17,26,多云转阴,东南风,小于3级转3-4级
2013-05-08,16,22,阵雨,西南风,小于3级
2013-05-09,14,30,阴转晴,西南风,3-4级
2013-05-10,14,33,晴转多云,西南风,小于3级转3-4级
2013-05-11,16,30,晴,东北风,小于3级
2013-05-12,16,28,多云转阴,东北风,小于3级
2013-05-13,18,30,多云转晴,东风,3-4级
2013-05-14,14,29,晴,北风,小于3级
2013-05-15,15,25,多云,西南风,小于3级
2013-05-16,16,27,阴,南风,小于3级
2013-05-17,16,30,晴转多云,南风,小于3级转3-4级
2013-05-18,17,27,雷阵雨转晴,南风,小于3级转4-5级
2013-05-19,14,31,晴,东风,3-4级
2013-05-20,18,31,多云,西南风,小于3级
2013-05-21,18,28,阴转多云,东风,小于3级
2013-05-22,17,29,多云转阴,东风,小于3级转3-4级
2013-05-23,19,27,阴转小雨,东风,小于3级
2013-05-24,17,29,阴转多云,东风,小于3级
2013-05-25,19,22,阴转中雨,东南风,小于3级
2013-05-26,17,25,小雨转阴,东风,小于3级
2013-05-27,17,24,阴转阵雨,南风,小于3级
2013-05-28,17,30,多云转晴,西北风,3-4级转4-5级
2013-05-29,15,33,晴,西南风,小于3级转3-4级
2013-05-30,19,32,晴转阴,西南风,3-4级转小于3级
2013-05-31,19,30,多云,南风,小于3级
2013-06-01,18,29,多云转阵雨,东南风,小于3级
2013-06-02,18,32,霾转晴,东风,小于3级
2013-06-03,19,29,多云转阴,南风,小于3级
2013-06-04,18,30,阵雨转多云,东风,小于3级
2013-06-05,19,27,雾转阴,东风,小于3级
2013-06-06,19,24,小雨转中雨,东北风,小于3级
2013-06-07,19,23,阵雨转雷阵雨,东风,小于3级
2013-06-08,18,21,大雨转中雨,北风,小于3级
2013-06-09,16,27,小雨转晴,东风,小于3级
2013-06-10,15,26,多云转阴,南风,小于3级
2013-06-11,16,29,多云转晴,东风,小于3级转3-4级
2013-06-12,17,31,多云,东南风,小于3级转3-4级
2013-06-13,21,30,多云,南风,小于3级
2013-06-14,21,33,多云,南风,小于3级转3-4级
2013-06-15,22,30,多云转雷阵雨,东风,小于3级
2013-06-16,20,29,中雨转阵雨,东北风,小于3级
2013-06-17,21,32,多云转阴,西南风,小于3级
2013-06-18,22,34,多云转晴,南风,小于3级
2013-06-19,23,32,晴转多云,西南风,小于3级
2013-06-20,23,28,阴,西南风,小于3级
2013-06-21,22,27,阴,西南风,小于3级转3-4级
2013-06-22,20,30,阴,东北风,小于3级
2013-06-23,22,31,多云转雷阵雨,西南风,小于3级
2013-06-24,22,30,雷阵雨,东南风,小于3级
2013-06-25,21,29,雷阵雨,西南风,小于3级
2013-06-26,22,34,多云转晴,东风,小于3级
2013-06-27,23,33,晴转多云,东北风,小于3级
2013-06-28,21,31,大雨转阵雨,西北风,小于3级
2013-06-29,22,28,阵雨转阴,东北风,小于3级
2013-06-30,22,27,雷阵雨转中雨,东风,小于3级
2013-07-01,20,34,大雨转晴,东风,小于3级
2013-07-02,23,36,晴,西南风,小于3级
2013-07-03,24,35,多云转雷阵雨,西南风,小于3级
2013-07-04,23,35,阴转晴,西南风,小于3级
2013-07-05,23,35,晴转多云,南风,小于3级
2013-07-06,25,33,多云转阴,东风,小于3级
2013-07-07,24,31,多云转雷阵雨,南风,小于3级
2013-07-08,22,27,大雨转雷阵雨,东风,小于3级
2013-07-09,22,28,中雨转雷阵雨,北风,小于3级
2013-07-10,21,27,阵雨,北风,小于3级
2013-07-11,22,28,阴转雷阵雨,西南风,小于3级
2013-07-12,22,31,多云,南风,小于3级
2013-07-13,24,30,多云转阴,南风,小于3级
2013-07-14,22,26,大雨转中雨,南风,小于3级
2013-07-15,22,34,阵雨转晴,西南风,小于3级
2013-07-16,21,33,晴转多云,南风,小于3级
2013-07-17,23,29,多云转雷阵雨,南风,小于3级
2013-07-18,22,30,雷阵雨转多云,西南风,小于3级
2013-07-19,23,31,晴转多云,西南风,小于3级
2013-07-20,23,32,多云,南风,小于3级
2013-07-21,23,31,多云转阴,西南风,小于3级
2013-07-22,23,31,阴,西南风,小于3级
2013-07-23,22,36,晴,西南风,小于3级
2013-07-24,24,34,晴转多云,西风,小于3级
2013-07-25,24,30,多云转阵雨,北风,小于3级
2013-07-26,23,28,阵雨,东北风,小于3级
2013-07-27,23,37,阴转晴,东南风,小于3级
2013-07-28,25,33,晴转雷阵雨,西南风,小于3级
2013-07-29,24,35,多云转晴,南风,小于3级
2013-07-30,25,31,阴转雷阵雨,南风,小于3级
2013-07-31,22,28,大雨转雷阵雨,西南风,小于3级
2013-08-01,21,30,雷阵雨,北风,小于3级
2013-08-02,23,31,雷阵雨,南风,小于3级
2013-08-03,23,33,晴转阴,西南风,小于3级
2013-08-04,23,34,雷阵雨转晴,西南风,小于3级
2013-08-05,24,30,阴转雷阵雨,西南风,小于3级
2013-08-06,23,29,中雨,西南风,小于3级
2013-08-07,23,34,阵雨转多云,西北风,小于3级
2013-08-08,24,36,多云转晴,西风,小于3级
2013-08-09,23,35,晴,南风,小于3级
2013-08-10,26,31,阴转中雨,南风,小于3级
2013-08-11,23,29,暴雨转阵雨,东风,小于3级
2013-08-12,24,32,多云,西南风,小于3级
2013-08-13,25,33,多云,东北风,小于3级
2013-08-14,25,33,多云,西南风,小于3级
2013-08-15,26,33,雷阵雨,西南风,小于3级
2013-08-16,26,36,雷阵雨转多云,西南风,小于3级
2013-08-17,24,35,晴,北风,小于3级
2013-08-18,22,33,晴,西南风,小于3级
2013-08-19,23,30,晴转阴,西南风,小于3级
2013-08-20,23,30,阵雨转多云,东北风,小于3级
2013-08-21,22,31,多云转阴,西南风,小于3级
2013-08-22,22,33,多云转晴,东北风,小于3级
2013-08-23,22,34,晴转多云,西南风,小于3级
2013-08-24,22,34,晴,西南风,小于3级
2013-08-25,21,35,晴,西南风,小于3级
2013-08-26,22,30,晴转小雨,东南风,小于3级
2013-08-27,22,28,中雨转小雨,东南风,小于3级
2013-08-28,22,29,阴转晴,东北风,小于3级
2013-08-29,18,26,多云转晴,北风,3-4级转小于3级
2013-08-30,16,30,晴,南风,小于3级
2013-08-31,17,30,晴转多云,西南风,小于3级
2013-09-01,18,27,阴转多云,东南风,小于3级
2013-09-02,17,27,晴转多云,南风,小于3级
2013-09-03,18,24,雷阵雨转中雨,南风,小于3级
2013-09-04,17,24,中雨转小雨,东北风,小于3级
2013-09-05,17,28,雷阵雨转多云,东风,小于3级
2013-09-06,17,29,多云转晴,东南风,小于3级
2013-09-07,18,26,晴转阴,东风,小于3级
2013-09-08,18,25,雷阵雨转阴,西北风,小于3级
2013-09-09,18,28,雷阵雨转多云,南风,小于3级
2013-09-10,17,28,晴转多云,北风,小于3级
2013-09-11,18,27,多云转雷阵雨,西南风,小于3级
2013-09-12,19,28,雷阵雨转阴,西南风,小于3级
2013-09-13,18,31,雷阵雨转晴,东南风,小于3级转3-4级
2013-09-14,16,27,晴转多云,北风,小于3级
2013-09-15,18,25,多云转阴,南风,小于3级
2013-09-16,18,23,阵雨转小雨,东南风,小于3级
2013-09-17,18,24,中雨转小雨,北风,小于3级
2013-09-18,18,26,阵雨,东风,小于3级
2013-09-19,17,28,多云转晴,西北风,小于3级
2013-09-20,18,27,多云,南风,小于3级
2013-09-21,18,25,多云转阴,西南风,小于3级
2013-09-22,18,22,小雨转阴,西南风,小于3级转4-5级
2013-09-23,13,22,多云转晴,东北风,小于3级转3-4级
2013-09-24,11,25,晴,西风,小于3级
2013-09-25,10,26,晴,西南风,小于3级
2013-09-26,12,26,晴,东南风,小于3级
2013-09-27,12,23,多云转阴,南风,小于3级
2013-09-28,14,23,霾转多云,东北风,小于3级
2013-09-29,15,21,雾转阴,东北风,小于3级
2013-09-30,17,20,阵雨转中雨,东北风,小于3级
2013-10-01,11,24,晴,西南风,3-4级转小于3级
2013-10-02,10,22,晴,南风,小于3级
2013-10-03,11,24,晴,东风,小于3级
2013-10-04,13,23,晴转霾,东北风,小于3级
2013-10-05,13,22,雾转霾,北风,小于3级
2013-10-06,14,24,霾转多云,东风,小于3级
2013-10-07,13,21,阵雨转晴,东南风,小于3级
2013-10-08,13,24,晴转多云,南风,小于3级
2013-10-09,14,23,阴转晴,东北风,小于3级转5-6级
2013-10-10,9,23,晴,东北风,3-4级转小于3级
2013-10-11,11,23,晴转多云,东北风,小于3级
2013-10-12,14,22,多云转阵雨,东北风,小于3级
2013-10-13,14,22,多云转阵雨,西北风,小于3级
2013-10-14,4,15,阴转多云~多云转晴,东北风,小于3级
2013-10-15,3,18,晴,南风,小于3级
2013-10-16,6,20,晴,西南风,小于3级
2013-10-17,7,18,晴转阴,北风,小于3级
2013-10-18,9,18,阵雨转多云,西北风,3-4级
2013-10-19,4,19,晴,北风,3-4级转小于3级
2013-10-20,7,18,多云,北风,小于3级
2013-10-21,7,15,多云转阵雨,东南风,小于3级转3-4级
2013-10-22,5,15,阴转晴,东风,3-4级
2013-10-23,4,16,晴,西北风,3-4级
2013-10-24,4,18,晴,北风,小于3级
2013-10-25,4,19,晴,西风,小于3级
2013-10-26,5,18,晴,西南风,小于3级
2013-10-27,7,15,霾,北风,小于3级
2013-10-28,7,15,阵雨转晴,东北风,小于3级
2013-10-29,2,17,晴,西风,小于3级
2013-10-30,4,14,晴转多云,东南风,小于3级
2013-10-31,5,12,霾转阵雨,西风,小于3级
2013-11-01,5,12,阴天间多云有霾转傍晚阴,南风,小于3级
2013-11-02,7,17,霾转晴,西北风,3-4级
2013-11-03,3,17,晴,北风,小于3级
2013-11-04,5,16,阴转多云,南风,小于3级
2013-11-05,5,17,多云转晴,北风,小于3级转3-4级
2013-11-06,4,15,晴,西北风,4-5级转小于3级
2013-11-07,3,13,晴转多云,东北风,小于3级
2013-11-08,5,16,多云,东北风,小于3级转5-6级
2013-11-09,1,12,多云转晴,北风,5-6级转3-4级
2013-11-10,0,13,晴,东北风,小于3级
2013-11-11,1,14,晴,西风,小于3级
2013-11-12,1,12,多云,南风,小于3级
2013-11-13,4,14,霾转晴,东北风,3-4级
2013-11-14,0,15,晴,西风,小于3级
2013-11-15,3,12,阴转晴,西南风,4-5级转5-6级
2013-11-16,0,10,晴,北风,4-5级转3-4级
2013-11-17,-1,10,晴,北风,小于3级转3-4级
2013-11-18,-2,11,晴,东风,小于3级
2013-11-19,-2,10,晴,西南风,小于3级
2013-11-20,-2,11,晴,西南风,小于3级
2013-11-21,-2,12,晴,西南风,小于3级
2013-11-22,-1,12,晴转多云,南风,小于3级
2013-11-23,2,9,霾转阴,西南风,小于3级转4-5级
2013-11-24,0,7,多云转晴,西北风,3-4级
2013-11-25,-3,7,晴转多云,西南风,小于3级转4-5级
2013-11-26,-5,0,多云转晴,北风,4-5级转5-6级
2013-11-27,-5,6,晴,西北风,4-5级转3-4级
2013-11-28,-4,11,晴,南风,小于3级
2013-11-29,0,10,晴,西风,3-4级
2013-11-30,-3,11,晴,东南风,小于3级
2013-12-01,-3,10,晴转多云,西南风,小于3级
2013-12-02,-1,13,多云转晴,西南风,小于3级
2013-12-03,-1,12,晴转多云,西北风,小于3级
2013-12-04,0,11,多云转晴,西南风,小于3级
2013-12-05,-3,11,晴,西南风,小于3级
2013-12-06,-2,10,霾,西北风,小于3级
2013-12-07,-1,10,霾,东北风,小于3级转4-5级
2013-12-08,-1,7,晴,北风,4-5级转3-4级
2013-12-09,-5,7,晴,西北风,小于3级转4-5级
2013-12-10,-4,6,晴,西北风,4-5级转小于3级
2013-12-11,-3,3,晴,东北风,3-4级
2013-12-12,-6,5,晴,东北风,小于3级
2013-12-13,-5,6,晴,东北风,小于3级
2013-12-14,-6,5,晴,西南风,小于3级
2013-12-15,-5,4,晴转多云,西风,小于3级
2013-12-16,-4,1,小雪,东北风,小于3级
2013-12-17,-7,3,晴,东北风,小于3级
2013-12-18,-8,2,晴,北风,小于3级
2013-12-19,-7,3,晴,南风,小于3级
2013-12-20,-8,2,晴,东北风,小于3级
2013-12-21,-6,3,多云转晴,西南风,小于3级
2013-12-22,-6,5,晴,西北风,小于3级
2013-12-23,-6,4,晴,北风,小于3级
2013-12-24,-6,6,霾,北风,小于3级转4-5级
2013-12-25,-5,2,晴,西北风,4-5级转3-4级
2013-12-26,-9,2,晴,北风,小于3级
2013-12-27,-6,2,多云转晴,西风,小于3级
2013-12-28,-7,6,晴,西南风,小于3级
2013-12-29,-6,7,晴,西风,小于3级
2013-12-30,-5,8,晴,西南风,小于3级转3-4级
2013-12-31,-3,10,晴,东北风,小于3级
2014-01-01,-4,9,晴,西南风,小于3级
2014-01-02,-2,9,晴,北风,小于3级
2014-01-03,-5,4,晴,南风,小于3级
2014-01-04,-3,6,多云转晴,东风,小于3级
2014-01-05,-4,1,阴,西南风,小于3级
2014-01-06,-3,5,阴,东南风,小于3级转3-4级
2014-01-07,-5,0,多云,东北风,3-4级
2014-01-08,-9,1,晴,西风,小于3级
2014-01-09,-9,4,晴,南风,小于3级
2014-01-10,-8,4,晴,西南风,小于3级
2014-01-11,-5,3,晴,西风,3-4级转小于3级
2014-01-12,-9,2,晴,西南风,小于3级
2014-01-13,-7,4,晴,南风,小于3级
2014-01-14,-7,3,晴转多云,西风,小于3级
2014-01-15,-4,6,阴转多云,西南风,小于3级
2014-01-16,-4,6,小雪转晴,东南风,小于3级转3-4级
2014-01-17,-6,6,晴,西风,小于3级
2014-01-18,-4,6,多云,南风,小于3级转4-5级
2014-01-19,-4,3,晴,西北风,4-5级
2014-01-20,-5,5,晴,北风,3-4级转小于3级
2014-01-21,-6,7,晴,西南风,小于3级
2014-01-22,-4,6,多云,东北风,小于3级
2014-01-23,-3,7,多云,东北风,小于3级
2014-01-24,-3,6,多云,东北风,小于3级
2014-01-25,-5,4,多云,西南风,小于3级
2014-01-26,-5,10,多云转晴,东北风,小于3级
2014-01-27,-5,5,晴,北风,小于3级
2014-01-28,-5,7,晴转多云,南风,小于3级
2014-01-29,-2,7,多云转晴,东风,小于3级
2014-01-30,-4,5,晴转多云,东风,小于3级
2014-01-31,-2,6,雾,东北风,小于3级
2014-02-01,-1,9,雾转多云,南风,小于3级转4-5级
2014-02-02,-4,2,多云转晴,东北风,4-5级
2014-02-03,-7,1,晴,西北风,3-4级转小于3级
2014-02-04,-7,1,多云,西南风,小于3级
2014-02-05,-5,0,阴,南风,小于3级
2014-02-06,-4,-1,中雪转小雪,西南风,小于3级
2014-02-07,-5,0,小雪转晴,南风,小于3级转3-4级
2014-02-08,-9,-1,晴,北风,3-4级转小于3级
2014-02-09,-11,0,晴,北风,小于3级
2014-02-10,-10,0,晴,南风,小于3级
2014-02-11,-9,2,晴,北风,小于3级
2014-02-12,-7,1,多云转阴,东南风,小于3级
2014-02-13,-6,3,阴转多云,东风,小于3级
2014-02-14,-5,4,多云转霾,东北风,小于3级
2014-02-15,-4,4,多云,北风,小于3级
2014-02-16,-4,3,多云转阴,南风,小于3级
2014-02-17,-4,2,多云转阴,西南风,小于3级
2014-02-18,-4,5,小雪转晴,西风,小于3级
2014-02-19,-5,6,晴,西南风,小于3级
2014-02-20,-4,6,雾转霾,东北风,小于3级
2014-02-21,-2,4,雾转霾,东北风,小于3级
2014-02-22,0,4,雾转霾,东风,小于3级
2014-02-23,-1,7,雾转霾,东风,小于3级
2014-02-24,1,9,雾转霾,东北风,小于3级
2014-02-25,2,10,雾转小雨,西风,小于3级
2014-02-26,2,9,阴转晴,北风,3-4级
2014-02-27,-3,5,晴转阴,西南风,小于3级
2014-02-28,-2,10,多云转晴,东北风,小于3级
2014-03-01,-2,11,晴,西南风,小于3级
2014-03-02,-2,8,晴转霾,东风,小于3级
2014-03-03,1,8,阴转晴,东北风,3-4级转4-5级
2014-03-04,-3,9,晴,东北风,3-4级转小于3级
2014-03-05,-3,7,晴,北风,小于3级
2014-03-06,-3,8,晴,西南风,小于3级
2014-03-07,-1,8,阴转晴,南风,小于3级
2014-03-08,-2,8,晴,东北风,小于3级
2014-03-09,-2,11,霾,东风,小于3级
2014-03-10,2,12,霾转阴,北风,小于3级
2014-03-11,3,10,小雨转晴,东北风,4-5级转3-4级
2014-03-12,-2,13,晴转多云,东北风,小于3级
2014-03-13,3,16,多云转晴,西北风,小于3级
2014-03-14,2,19,晴,西南风,小于3级
2014-03-15,5,17,晴转多云,东风,小于3级
2014-03-16,5,19,多云转晴,东南风,3-4级转4-5级
2014-03-17,5,15,晴,北风,4-5级转小于3级
2014-03-18,6,10,阴,南风,小于3级转3-4级
2014-03-19,5,17,晴,北风,4-5级转3-4级
2014-03-20,4,20,晴,西北风,小于3级
2014-03-21,5,23,晴,西南风,小于3级
2014-03-22,6,20,晴转多云,东风,小于3级
2014-03-23,6,22,多云转晴,东南风,小于3级
2014-03-24,8,24,霾,北风,小于3级
2014-03-25,9,24,霾,西南风,小于3级
2014-03-26,10,24,霾,东风,小于3级
2014-03-27,13,21,阵雨转多云,北风,小于3级
2014-03-28,11,22,多云转晴,东北风,小于3级
2014-03-29,8,24,晴,西南风,小于3级
2014-03-30,10,19,阴,南风,小于3级
2014-03-31,9,22,多云,东风,小于3级
2014-04-01,11,22,多云转阴,西南风,小于3级
2014-04-02,10,20,阴转晴,南风,3-4级转4-5级
2014-04-03,7,24,晴,西南风,小于3级转4-5级
2014-04-04,8,21,晴,东南风,3-4级转小于3级
2014-04-05,6,26,晴,西南风,小于3级
2014-04-06,9,27,晴,西南风,小于3级
2014-04-07,10,25,晴,东南风,小于3级
2014-04-08,12,28,霾转多云,南风,3-4级转4-5级
2014-04-09,12,18,晴转阴,东风,3-4级转小于3级
2014-04-10,11,18,阴,南风,小于3级
2014-04-11,11,22,多云,南风,小于3级
2014-04-12,9,23,多云转晴,南风,小于3级
2014-04-13,12,26,霾,南风,小于3级转3-4级
2014-04-14,16,24,霾转多云,西南风,小于3级转3-4级
2014-04-15,12,21,阴转多云,南风,小于3级
2014-04-16,12,21,小雨转阴,东风,小于3级
2014-04-17,11,19,多云,东南风,小于3级
2014-04-18,12,16,阴,南风,小于3级
2014-04-19,8,23,晴,西南风,小于3级
2014-04-20,10,24,多云转晴,西南风,小于3级
2014-04-21,10,26,晴,西南风,小于3级
2014-04-22,12,27,晴转多云,西南风,小于3级
2014-04-23,16,26,多云转晴,南风,小于3级
2014-04-24,16,24,多云转雷阵雨,东南风,小于3级
2014-04-25,12,23,阵雨转晴,西北风,小于3级
2014-04-26,9,26,晴转多云,南风,小于3级
2014-04-27,11,25,多云转晴,南风,小于3级
2014-04-28,11,28,晴,西南风,小于3级
2014-04-29,13,29,晴,西南风,小于3级
2014-04-30,16,29,晴转雷阵雨,西南风,小于3级转4-5级
2014-05-01,14,23,阵雨转多云,北风,4-5级
2014-05-02,12,24,阴,西南风,小于3级转4-5级
2014-05-03,10,19,扬沙转晴,西北风,5-6级转4-5级
2014-05-04,7,21,晴转多云,南风,小于3级转3-4级
2014-05-05,8,21,多云转雷阵雨,南风,小于3级
2014-05-06,10,25,雷阵雨转晴,东风,小于3级转3-4级
2014-05-07,12,23,晴转阴,东风,小于3级
2014-05-08,14,20,多云转阵雨,东风,小于3级
2014-05-09,15,20,阴转阵雨,东风,小于3级
2014-05-10,10,16,中雨转小雨,东南风,小于3级
2014-05-11,8,29,阴转晴,西风,小于3级
2014-05-12,16,29,晴转多云,西南风,小于3级转3-4级
2014-05-13,16,24,晴转多云,北风,3-4级转4-5级
2014-05-14,10,28,晴转多云,西南风,小于3级
2014-05-15,16,28,扬沙转多云,东南风,小于3级
2014-05-16,15,28,晴转多云,南风,小于3级
2014-05-17,16,30,多云转晴,西南风,小于3级
2014-05-18,19,31,雷阵雨转晴,南风,小于3级转3-4级
2014-05-19,17,31,晴转多云,东北风,小于3级
2014-05-20,18,33,晴,东南风,小于3级
2014-05-21,19,35,晴,东南风,小于3级转3-4级
2014-05-22,22,33,晴转阴,南风,小于3级
2014-05-23,20,26,雷阵雨转阵雨,东风,小于3级
2014-05-24,19,30,阴转晴,东南风,小于3级转3-4级
2014-05-25,16,34,晴,西南风,3-4级转小于3级
2014-05-26,19,33,晴转多云,西南风,小于3级转4-5级
2014-05-27,19,36,晴,西北风,4-5级转小于3级
2014-05-28,22,38,多云,南风,小于3级
2014-05-29,23,37,多云转晴,东南风,小于3级
2014-05-30,22,34,多云,东风,小于3级
2014-05-31,24,29,阵雨转阴,西风,小于3级
2014-06-01,19,27,阴转多云,东风,小于3级
2014-06-02,17,31,多云转晴,西风,小于3级
2014-06-03,20,31,晴转雷阵雨,东南风,小于3级
2014-06-04,21,34,阴转多云,东北风,小于3级
2014-06-05,23,27,雷阵雨转大雨,西南风,小于3级
2014-06-06,18,31,阴转多云,西北风,小于3级
2014-06-07,17,30,多云转雷阵雨,东风,小于3级
2014-06-08,17,30,多云转雷阵雨,东风,小于3级
2014-06-09,17,29,多云转雷阵雨,东北风,小于3级
2014-06-10,17,29,雷阵雨转晴,东北风,小于3级
2014-06-11,18,34,晴,西南风,小于3级
2014-06-12,21,32,多云转雷阵雨,东风,小于3级
2014-06-13,21,32,阴转多云,西北风,小于3级
2014-06-14,22,34,多云转雷阵雨,东南风,小于3级
2014-06-15,23,28,雷阵雨转中雨,西南风,小于3级
2014-06-16,21,28,雷阵雨,西南风,小于3级
2014-06-17,20,30,雷阵雨,东北风,小于3级
2014-06-18,20,28,阴转雷阵雨,西南风,小于3级
2014-06-19,19,28,雷阵雨转阴,东风,小于3级
2014-06-20,19,28,多云转雷阵雨,东南风,小于3级
2014-06-21,19,27,雷阵雨,东北风,小于3级
2014-06-22,18,31,阴转晴,东南风,小于3级
2014-06-23,20,32,晴转多云,南风,小于3级
2014-06-24,22,27,雷阵雨,南风,小于3级
2014-06-25,21,31,雷阵雨转阴,南风,小于3级
2014-06-26,23,34,晴,西风,小于3级
2014-06-27,21,36,晴,西南风,小于3级
2014-06-28,22,35,晴转多云,西风,小于3级
2014-06-29,23,33,多云,南风,小于3级
2014-06-30,24,29,阴转大雨,南风,小于3级
2014-07-01,21,28,大雨转阵雨,东北风,小于3级
2014-07-02,22,29,阴转雷阵雨,东风,小于3级
2014-07-03,23,30,雷阵雨转多云,东南风,小于3级
2014-07-04,23,31,多云转霾,西风,小于3级
2014-07-05,23,31,阴转多云,南风,小于3级
2014-07-06,24,32,多云转霾,东风,小于3级
2014-07-07,24,34,阴转晴,东南风,小于3级
2014-07-08,23,32,多云,北风,小于3级
2014-07-09,22,35,多云转晴,西南风,小于3级
2014-07-10,24,35,晴转多云,西南风,小于3级
2014-07-11,22,34,多云,东北风,小于3级
2014-07-12,22,35,晴转多云,南风,小于3级
2014-07-13,22,36,多云转晴,东南风,小于3级
2014-07-14,23,35,多云转雷阵雨,东北风,小于3级
2014-07-15,24,33,多云转雷阵雨,北风,小于3级
2014-07-16,23,33,雷阵雨转多云,东北风,小于3级
2014-07-17,24,35,阴转晴,东北风,小于3级
2014-07-18,25,35,晴,南风,小于3级
2014-07-19,26,36,多云,东南风,小于3级
2014-07-20,26,32,雷阵雨转中雨,南风,小于3级
2014-07-21,26,31,阴,北风,小于3级
2014-07-22,24,32,阵雨转多云,西风,小于3级
2014-07-23,23,33,多云,南风,小于3级
2014-07-24,24,32,阴转多云,西风,小于3级
2014-07-25,22,35,晴,西南风,小于3级
2014-07-26,25,35,晴转多云,南风,小于3级
2014-07-27,24,35,多云转晴,南风,小于3级
2014-07-28,24,33,多云转雷阵雨,南风,小于3级
2014-07-29,22,29,中雨转多云,西南风,小于3级
2014-07-30,24,32,多云转晴,东风,小于3级
2014-07-31,24,33,晴,东南风,小于3级
2014-08-01,25,34,多云,南风,小于3级
2014-08-02,26,32,多云转阴,北风,小于3级
2014-08-03,24,29,中雨转雷阵雨,东北风,小于3级
2014-08-04,21,31,阴转晴,东北风,小于3级
2014-08-05,21,31,多云转晴,西南风,小于3级
2014-08-06,21,31,晴,东风,小于3级
2014-08-07,21,31,晴转多云,西南风,小于3级
2014-08-08,21,30,多云转阴,南风,小于3级
2014-08-09,21,31,雷阵雨转多云,西北风,小于3级
2014-08-10,22,33,晴,东风,小于3级
2014-08-11,21,31,晴转阴,东北风,小于3级
2014-08-12,19,26,中雨转阵雨,西风,小于3级
2014-08-13,18,31,多云,西南风,小于3级
2014-08-14,20,31,雷阵雨转多云,南风,小于3级
2014-08-15,20,32,晴转多云,东北风,小于3级
2014-08-16,22,28,多云转雷阵雨,东南风,小于3级
2014-08-17,21,31,阴转多云,南风,小于3级
2014-08-18,21,32,多云转晴,南风,小于3级
2014-08-19,22,33,晴转多云,南风,小于3级
2014-08-20,23,33,多云转晴,东南风,小于3级
2014-08-21,23,31,多云转雷阵雨,东风,小于3级
2014-08-22,22,31,雷阵雨转阴,西南风,小于3级
2014-08-23,22,32,雷阵雨转多云,北风,小于3级转3-4级
2014-08-24,19,32,晴,东风,3-4级转小于3级
2014-08-25,19,33,晴,西南风,小于3级
2014-08-26,19,33,晴转多云,西南风,小于3级
2014-08-27,20,28,多云转雷阵雨,东南风,小于3级
2014-08-28,19,28,中雨转多云,东北风,小于3级
2014-08-29,19,28,多云转阵雨,南风,小于3级
2014-08-30,19,25,中雨转阵雨,北风,小于3级
2014-08-31,20,27,多云转雷阵雨,东北风,小于3级
2014-09-01,19,23,暴雨,东风,小于3级
2014-09-02,18,28,阵雨转晴,北风,小于3级
2014-09-03,18,32,晴,西南风,小于3级
2014-09-04,17,30,晴,西南风,小于3级
2014-09-05,19,28,晴转多云,南风,小于3级
2014-09-06,21,29,阵雨转阴,南风,小于3级
2014-09-07,20,29,多云转晴,北风,3-4级
2014-09-08,17,29,多云,西南风,小于3级
2014-09-09,16,28,晴转多云,南风,小于3级
2014-09-10,18,24,阴转阵雨,东南风,小于3级
2014-09-11,18,25,阵雨,东北风,小于3级
2014-09-12,17,26,多云,西风,小于3级
2014-09-13,19,25,阴,西南风,小于3级
2014-09-14,15,27,多云转晴,西南风,小于3级
2014-09-15,13,26,晴转多云,西南风,小于3级
2014-09-16,14,24,阴转多云,西南风,小于3级
2014-09-17,12,25,晴,西南风,小于3级
2014-09-18,14,25,多云转阴,西南风,小于3级
2014-09-19,16,28,雷阵雨转晴,东北风,小于3级
2014-09-20,16,27,晴,东南风,小于3级
2014-09-21,17,23,雾转阵雨,东南风,小于3级
2014-09-22,17,20,中雨,东北风,小于3级
2014-09-23,16,23,小雨转多云,东南风,小于3级
2014-09-24,14,24,晴转多云,南风,小于3级
2014-09-25,16,22,阴转阵雨,南风,小于3级
2014-09-26,15,24,多云,东北风,小于3级
2014-09-27,15,24,晴转多云,北风,小于3级
2014-09-28,16,23,阴转多云,西南风,小于3级转4-5级
2014-09-29,10,17,晴转多云,东风,小于3级
2014-09-30,11,15,阴转中雨,南风,小于3级
2014-10-01,10,22,小雨转多云,北风,小于3级
2014-10-02,11,19,雾,西南风,小于3级
2014-10-03,12,15,小雨,南风,小于3级
2014-10-04,12,21,阴转晴,东南风,小于3级转3-4级
2014-10-05,8,20,晴,东风,小于3级
2014-10-06,9,22,晴,南风,小于3级
2014-10-07,11,22,晴,东北风,小于3级
2014-10-08,13,22,霾,北风,小于3级
2014-10-09,14,22,霾,东北风,小于3级
2014-10-10,13,21,霾转阵雨,北风,小于3级转3-4级
2014-10-11,14,17,阵雨转晴,北风,4-5级
2014-10-12,6,18,阴转晴,北风,小于3级
2014-10-13,4,20,晴,西南风,小于3级
2014-10-14,7,22,多云转晴,西南风,小于3级转4-5级
2014-10-15,6,22,晴,北风,3-4级转小于3级
2014-10-16,7,22,晴,西南风,小于3级
2014-10-17,8,22,霾,东北风,小于3级
2014-10-18,11,21,霾,东风,小于3级
2014-10-19,10,20,霾,西南风,小于3级
2014-10-20,9,17,雾转晴,东南风,小于3级
2014-10-21,7,19,晴,南风,小于3级
2014-10-22,8,20,多云转霾,东北风,小于3级
2014-10-23,12,18,霾,东北风,小于3级
2014-10-24,11,19,雾转霾,东北风,小于3级
2014-10-25,12,18,雾转晴,东风,3-4级转4-5级
2014-10-26,4,14,晴,东北风,3-4级转小于3级
2014-10-27,3,16,晴,南风,小于3级
2014-10-28,6,15,多云转霾,北风,小于3级
2014-10-29,9,15,阴转多云,东风,小于3级
2014-10-30,10,14,雾转小雨,北风,小于3级
2014-10-31,9,17,雾转多云,西南风,小于3级转3-4级
2014-11-01,6,13,多云转晴,北风,4-5级
2014-11-02,2,17,晴,南风,3-4级转小于3级
2014-11-03,3,17,晴,西南风,小于3级
2014-11-04,5,18,晴,东风,小于3级转3-4级
2014-11-05,6,12,晴,北风,3-4级转小于3级
2014-11-06,2,10,多云转阴,西南风,小于3级
2014-11-07,2,12,阴转晴,西南风,小于3级
2014-11-08,2,12,阴转晴,西南风,小于3级
2014-11-09,2,12,阴转晴,西南风,小于3级
2014-11-10,3,13,阴,西风,3-4级转4-5级
2014-11-11,2,9,晴,西北风,3-4级转4-5级
2014-11-12,-1,11,晴,西北风,3-4级转小于3级
2014-11-13,-2,12,晴,西南风,小于3级
2014-11-14,0,9,多云转阴,南风,小于3级
2014-11-15,1,11,小雨转多云,西南风,小于3级转3-4级
2014-11-16,0,11,晴,北风,小于3级
2014-11-17,-2,13,晴,西风,小于3级
2014-11-18,0,10,多云转阴,东风,小于3级
2014-11-19,0,12,雾转霾,东北风,小于3级
2014-11-20,-1,12,霾转晴,北风,小于3级
2014-11-21,0,11,晴,北风,小于3级
2014-11-22,0,8,阴,东北风,小于3级
2014-11-23,0,11,晴,北风,小于3级
2014-11-24,-2,9,多云,南风,小于3级
2014-11-25,-1,8,雾转霾,北风,小于3级
2014-11-26,1,7,霾转阴,东北风,小于3级
2014-11-27,0,8,阴转多云,西南风,小于3级
2014-11-28,-1,7,多云转霾,西南风,小于3级
2014-11-29,2,6,小雨转多云,东北风,3-4级转5-6级
2014-11-30,-6,-1,晴,西北风,5-6级
2014-12-01,-7,2,晴,北风,3-4级转小于3级
2014-12-02,-7,1,晴,北风,小于3级转4-5级
2014-12-03,-7,3,晴,西北风,5-6级转4-5级
2014-12-04,-8,4,晴,东北风,4-5级转小于3级
2014-12-05,-7,4,晴,东风,小于3级
2014-12-06,-4,5,小雪转晴,东风,小于3级转3-4级
2014-12-07,-7,5,晴,北风,3-4级转小于3级
2014-12-08,-6,2,晴转霾,西南风,小于3级
2014-12-09,-3,5,小雪转多云,东北风,小于3级转5-6级
2014-12-10,-5,3,晴,北风,5-6级转3-4级
2014-12-11,-4,3,晴,西北风,4-5级
2014-12-12,-7,4,晴,西南风,3-4级转小于3级
2014-12-13,-7,4,晴转多云,北风,小于3级
2014-12-14,-4,3,多云转晴,北风,3-4级转5-6级
2014-12-15,-6,0,晴,西北风,4-5级转5-6级
2014-12-16,-6,5,晴,西北风,3-4级转小于3级
2014-12-17,-7,5,晴转霾,东北风,小于3级
2014-12-18,-4,5,阴转晴,东北风,3-4级转4-5级
2014-12-19,-5,2,晴,北风,4-5级转3-4级
2014-12-20,-6,3,晴,西北风,3-4级转小于3级
2014-12-21,-6,6,晴,西风,3-4级转小于3级
2014-12-22,-5,8,霾,北风,小于3级转3-4级
2014-12-23,-1,5,晴,北风,3-4级
2014-12-24,-5,6,晴,西北风,小于3级
2014-12-25,-5,4,晴转霾,南风,小于3级
2014-12-26,-5,6,霾,东北风,小于3级
2014-12-27,-5,7,霾转晴,西南风,小于3级
2014-12-28,-4,10,晴,南风,小于3级
2014-12-29,-4,6,晴转多云,东南风,小于3级
2014-12-30,-5,0,多云转晴,西北风,5-6级
2014-12-31,-8,3,晴,西北风,3-4级转小于3级
2015-01-01,-5,8,晴,东北风,小于3级
2015-01-02,-6,8,霾,南风,小于3级
2015-01-03,-5,6,霾,东北风,小于3级
2015-01-04,-1,9,霾转晴,东北风,小于3级转4-5级
2015-01-05,-4,6,晴,北风,4-5级转小于3级
2015-01-06,-6,3,晴,西南风,小于3级
2015-01-07,-6,5,多云,西南风,小于3级
2015-01-08,-3,7,晴,西南风,小于3级
2015-01-09,-5,9,晴,西南风,小于3级
2015-01-10,-3,5,晴,东风,3-4级转小于3级
2015-01-11,-6,4,晴转霾,南风,小于3级
2015-01-12,-5,3,霾,东南风,小于3级
2015-01-13,-5,2,霾转小雪,东北风,小于3级
2015-01-14,-5,3,雾转霾,西南风,小于3级
2015-01-15,-3,4,霾转多云,西南风,3-4级转5-6级
2015-01-16,-7,4,晴,北风,3-4级转小于3级
2015-01-17,-5,6,阴转晴,西风,小于3级转4-5级
2015-01-18,-6,5,晴,西北风,3-4级转小于3级
2015-01-19,-5,5,晴转多云,东北风,小于3级
2015-01-20,-2,5,多云转晴,西北风,3-4级
2015-01-21,-7,6,晴,西南风,小于3级
2015-01-22,-6,7,霾,南风,小于3级
2015-01-23,-3,2,霾转阴,东风,小于3级
2015-01-24,-5,4,阴转霾,东南风,小于3级
2015-01-25,-4,5,霾转阴,西南风,小于3级转4-5级
2015-01-26,-7,2,多云转晴,北风,4-5级转小于3级
2015-01-27,-7,0,晴转多云,西南风,小于3级
2015-01-28,-5,4,阴转晴,南风,小于3级转3-4级
2015-01-29,-6,3,晴,北风,3-4级转小于3级
2015-01-30,-8,4,晴,东北风,小于3级
2015-01-31,-7,2,晴转多云,西南风,小于3级
2015-02-01,-6,3,多云转阴,西南风,小于3级
2015-02-02,-5,8,霾,西北风,小于3级转4-5级
2015-02-03,-2,6,晴,西北风,3-4级转4-5级
2015-02-04,-3,8,晴,北风,4-5级转小于3级
2015-02-05,-4,8,晴转多云,西风,小于3级
2015-02-06,-1,4,阴转晴,西南风,3-4级转5-6级
2015-02-07,-7,3,晴,北风,4-5级转3-4级
2015-02-08,-6,7,晴,南风,小于3级
2015-02-09,-6,7,晴,南风,小于3级
2015-02-10,-1,8,多云转晴,西南风,小于3级
2015-02-11,-1,8,多云转晴,西南风,小于3级
2015-02-12,-5,8,多云~晴,西南风,小于3级
2015-02-13,-3,11,晴转霾,北风,小于3级
2015-02-14,-1,10,霾,东北风,小于3级
2015-02-15,-1,11,霾转阴,西南风,小于3级转4-5级
2015-02-16,-1,12,晴,东北风,3-4级
2015-02-17,-1,10,晴,西南风,小于3级
2015-02-18,-3,9,霾,西南风,小于3级
2015-02-19,-2,4,小雪转雨夹雪,西南风,小于3级
2015-02-20,-1,7,小雪转雾,南风,小于3级转5-6级
2015-02-21,-4,5,晴,西北风,5-6级转4-5级
2015-02-22,-5,6,晴,暂无实况,小于3级
2015-02-23,-6,5,晴转阴,西南风,小于3级
2015-02-24,-1,5,霾转多云,东南风,4-5级
2015-02-25,-5,5,晴,东北风,3-4级
2015-02-26,-5,3,晴转多云,东北风,小于3级
2015-02-27,-2,3,小雪,南风,小于3级
2015-02-28,-3,10,雾转晴,西北风,3-4级
2015-03-01,-3,11,晴转多云,东南风,3-4级转5-6级
2015-03-02,-2,4,多云转晴,北风,5-6级
2015-03-03,-4,6,晴,北风,3-4级转小于3级
2015-03-04,-5,8,晴转多云,西南风,小于3级
2015-03-05,-3,11,霾转晴,南风,小于3级转3-4级
2015-03-06,-2,11,霾,南风,小于3级
2015-03-07,0,13,霾转阴,东风,小于3级转4-5级
2015-03-08,-2,5,晴,北风,4-5级
2015-03-09,-6,9,晴,北风,3-4级转小于3级
2015-03-10,-3,12,晴,东北风,小于3级
2015-03-11,-4,12,晴转多云,西南风,小于3级
2015-03-12,-2,13,晴,东风,小于3级
2015-03-13,0,13,晴转多云,东南风,小于3级
2015-03-14,2,16,多云转晴,东风,小于3级转3-4级
2015-03-15,3,18,阴转霾,南风,小于3级
2015-03-16,6,15,霾转晴,东北风,小于3级
2015-03-17,3,15,霾,南风,小于3级
2015-03-18,5,21,多云转晴,暂无实况,小于3级
2015-03-19,5,20,多云转晴,西风,小于3级
2015-03-20,6,19,晴,西南风,3-4级转4-5级
2015-03-21,6,13,晴转多云,西风,3-4级
2015-03-22,1,17,晴,西南风,小于3级
2015-03-23,3,18,晴,南风,小于3级
2015-03-24,3,18,晴,东南风,小于3级转3-4级
2015-03-25,6,20,晴,西南风,小于3级转3-4级
2015-03-26,8,21,多云,西南风,小于3级转3-4级
2015-03-27,9,22,浮尘转多云,西南风,3-4级转4-5级
2015-03-28,8,23,晴转多云,西北风,3-4级
2015-03-29,12,23,浮尘转霾,南风,小于3级
2015-03-30,12,14,小雨,东风,小于3级转3-4级
2015-03-31,5,14,多云转小雨,西风,小于3级
2015-04-01,3,13,小到中雨转小雨,西风,小于3级
2015-04-02,7,16,晴转多云,西北风,3-4级转小于3级
2015-04-03,5,15,多云,西南风,小于3级
2015-04-04,8,17,阴转晴,西南风,3-4级转4-5级
2015-04-05,4,12,晴,北风,4-5级转3-4级
2015-04-06,2,14,晴,南风,小于3级
2015-04-07,3,14,晴转阴,西南风,小于3级
2015-04-08,4,17,霾转阴,南风,小于3级
2015-04-09,5,20,霾,西南风,小于3级
2015-04-10,7,18,霾转阵雨,东风,小于3级
2015-04-11,5,9,小到中雨转小雨,西北风,3-4级转4-5级
2015-04-12,5,18,阵雨转晴,北风,4-5级转3-4级
2015-04-13,4,25,晴,西南风,小于3级
2015-04-14,9,26,多云转雷阵雨,西南风,小于3级转6-7级
2015-04-15,13,20,沙尘暴转晴,北风,6-7级转4-5级
2015-04-16,8,24,晴转多云,西南风,小于3级
2015-04-17,12,17,多云转小雨,南风,小于3级
2015-04-18,11,21,小雨转多云,西风,3-4级
2015-04-19,7,22,晴,南风,小于3级
2015-04-20,10,27,晴转多云,西南风,3-4级转4-5级
2015-04-21,9,27,晴,西风,3-4级
2015-04-22,15,29,多云转晴,西南风,3-4级
2015-04-23,11,27,晴,东风,3-4级转小于3级
2015-04-24,11,32,晴,西南风,3-4级转小于3级
2015-04-25,15,31,晴转多云,西南风,3-4级
2015-04-26,17,29,多云转雷阵雨,南风,3-4级转小于3级
2015-04-27,15,25,雷阵雨转阵雨,东北风,小于3级
2015-04-28,14,27,多云转晴,南风,小于3级
2015-04-29,15,30,晴转多云,西南风,3-4级
2015-04-30,16,25,霾转小到中雨,东南风,3-4级
2015-05-01,14,25,小雨转多云,东北风,3-4级转小于3级
2015-05-02,15,25,多云转晴,西南风,4-5级
2015-05-03,10,25,晴,西北风,4-5级转3-4级
2015-05-04,13,27,晴转多云,西南风,3-4级
2015-05-05,12,22,晴转多云,北风,3-4级
2015-05-06,11,25,小雨转晴,西南风,3-4级
2015-05-07,14,25,晴~阵雨,西南风,3-4级
2015-05-08,11,22,多云~阴,西南风,3-4级
2015-05-09,10,16,阴~小雨,西南风,3-4级
2015-05-10,10,11,中到大雨~阴,西南风,3-4级
2015-05-11,11,20,多云,西南风,3-4级
2015-05-12,11,29,晴,西南风,3-4级
2015-05-13,19,30,多云~阴,西北风,3-4级
2015-05-14,15,28,多云~阴,东北风,3-4级
2015-05-15,12,25,多云~晴,西南风,3-4级
2015-05-16,16,30,晴~多云,西南风,3-4级
2015-05-17,16,30,雷雨,东北风,3-4级
2015-05-18,16,29,晴,西北风,3-4级
2015-05-19,17,28,晴,西北风,3-4级
2015-05-20,15,30,晴,西南风,3-4级
2015-05-21,16,30,多云~晴,西南风,3-4级
2015-05-22,17,31,晴,西南风,3-4级
2015-05-23,19,32,晴~,东南风,3-4级
2015-05-24,21,33,阴,东南风,3-4级
2015-05-25,21,35,晴,西南风,3-4级
2015-05-26,21,35,晴~,西南风,3-4级
2015-05-27,21,32,多云,东南风,3-4级
2015-05-28,21,31,雷雨,西南风,3-4级
2015-05-29,18,29,多云,西南风,3-4级
2015-05-30,19,31,阴~晴,东南风,3-4级
2015-05-31,23,35,晴~多云,西南风,3-4级
2015-06-01,23,34,多云~阴,东南风,3-4级
2015-06-02,17,33,晴,东北风,3-4级
2015-06-03,22,32,多云~阴,西南风,3-4级
2015-06-04,17,23,雷雨~阴,西南风,3-4级
2015-06-05,20,32,多云~晴,东北风,3-4级
2015-06-06,18,32,雷雨~阴,东北风,3-4级
2015-06-07,17,29,雷雨~晴,南风,3-4级
2015-06-08,20,32,晴~多云,东南风,3-4级
2015-06-09,22,29,阵雨~雷雨,东南风,3-4级
2015-06-10,19,25,雷雨,东北风,3-4级
2015-06-11,18,30,多云,南风,3-4级
2015-06-12,19,29,多云,西北风,3-4级
2015-06-13,17,28,阵雨~多云,东北风,3-4级
2015-06-14,19,32,晴,西南风,3-4级
2015-06-15,22,32,多云,西南风,3-4级
2015-06-16,22,32,雷雨,西北风,3-4级
2015-06-17,20,32,雷雨~晴,东南风,3-4级
2015-06-18,19,32,多云~雷雨,西北风,3-4级
2015-06-19,17,26,雷雨~多云,东南风,3-4级
2015-06-20,19,32,晴,西南风,3-4级
2015-06-21,21,32,多云,东南风,3-4级
2015-06-22,22,31,多云~阵雨,西南风,3-4级
2015-06-23,22,29,雷雨~阴,西南风,3-4级
2015-06-24,22,29,阵雨~阴,东南风,3-4级
2015-06-25,21,28,雷雨,西南风,3-4级
2015-06-26,21,28,雷雨~阴,西北风,3-4级
2015-06-27,22,31,阴~多云,东南风,3-4级
2015-06-28,24,30,多云~阴,东南风,3-4级
2015-06-29,21,28,阵雨,东北风,3-4级
2015-06-30,18,28,阴~晴,西南风,3-4级
2015-07-01,18,33,晴,西北风,3-4级
2015-07-02,18,34,多云~晴,东北风,3-4级
2015-07-03,20,33,晴~多云,西南风,3-4级
2015-07-04,19,27,阵雨~多云,东北风,3-4级
2015-07-05,21,30,晴,西南风,3-4级
2015-07-06,22,31,多云,东南风,3-4级
2015-07-07,22,33,晴~多云,东南风,3-4级
2015-07-08,22,33,霾~晴,东南风,3-4级
2015-07-09,23,34,多云~阴,西南风,3-4级
2015-07-10,23,32,多云~阴,东南风,3-4级
2015-07-11,24,35,多云~晴,东南风,3-4级
2015-07-12,25,38,晴,东北风,3-4级
2015-07-13,25,40,雷雨~晴,西南风,3-4级
2015-07-14,24,37,雷雨,西北风,3-4级
2015-07-15,23,30,雷雨,东北风,3-4级
2015-07-16,21,28,雷阵雨~阵雨,东北风,3-4级
2015-07-17,21,27,雷阵雨~中雨,东北风,3-4级
2015-07-18,21,27,雷阵雨,东北风,3-4级
2015-07-19,21,27,雷阵雨,东北风,3-4级
2015-07-20,21,28,雷阵雨,东南风,3-4级
2015-07-21,22,28,雷阵雨,西南风,3-4级
2015-07-22,21,30,雷阵雨,东北风,3-4级
2015-07-23,21,30,阴~雷阵雨,南风,3-4级
2015-07-24,21,31,雷阵雨~阴,西北风,3-4级
2015-07-25,23,33,多云,西南风,3-4级
2015-07-26,23,33,多云,东北风,3-4级
2015-07-27,23,33,雷阵雨~中雨,西北风,3-4级
2015-07-28,22,29,雷阵雨~中到大雨,东南风,3-4级
2015-07-29,23,32,雷阵雨~大雨,东南风,3-4级
2015-07-30,22,29,雷阵雨,东北风,3-4级
2015-07-31,22,29,多云,西北风,3-4级
2015-08-01,23,31,阴~小到中雨,西南风,3-4级
2015-08-02,23,30,多云~阴,东北风,3-4级
2015-08-03,23,30,阵雨~多云,西北风,3-4级
2015-08-04,22,33,晴~多云,东南风,3-4级
2015-08-05,22,32,多云~雷阵雨,东北风,3-4级
2015-08-06,22,31,多云,东南风,3-4级
2015-08-07,23,30,多云,西南风,3-4级
2015-08-08,23,32,多云,西南风,3-4级
2015-08-09,22,33,晴~多云,西南风,3-4级
2015-08-10,23,34,晴~多云,东南风,3-4级
2015-08-11,23,34,多云~晴,西南风,3-4级
2015-08-12,24,36,晴,西南风,3-4级
2015-08-13,24,35,多云~雷阵雨,西南风,3-4级
2015-08-14,22,33,多云~晴,西南风,3-4级
2015-08-15,22,35,晴,西南风,3-4级
2015-08-16,24,35,晴~阴,西南风,3-4级
2015-08-17,23,32,雷阵雨,西南风,3-4级
2015-08-18,20,30,雷阵雨~中雨,东南风,3-4级
2015-08-19,20,28,雷阵雨~多云,南风,3-4级
2015-08-20,21,33,晴~多云,东北风,3-4级
2015-08-21,21,34,多云,西北风,3-4级
2015-08-22,20,31,阵雨,东北风,3-4级
2015-08-23,20,29,雷阵雨~阴,东北风,3-4级
2015-08-24,20,30,多云,东北风,3-4级
2015-08-25,20,30,多云,西南风,3-4级
2015-08-26,21,31,多云,东北风,3-4级
2015-08-27,20,31,多云,西北风,3-4级
2015-08-28,21,32,阵雨~多云,西南风,3-4级
2015-08-29,20,30,雷阵雨,东南风,3-4级
2015-08-30,19,27,雷阵雨~小到中雨,西风,3-4级
2015-08-31,18,25,小到中雨,东北风,3-4级
2015-09-01,18,25,阵雨~多云,东北风,3-4级
2015-09-02,18,29,晴,西南风,3-4级
2015-09-03,21,31,晴~阴,东南风,3-4级
2015-09-04,19,24,小到中雨~中到大雨,东南风,3-4级
2015-09-05,18,21,小雨~阴,西北风,3-4级
2015-09-06,16,27,多云~晴,西南风,3-4级
2015-09-07,17,29,晴~多云,西南风,3-4级
2015-09-08,18,28,多云~阴,东北风,3-4级
2015-09-09,18,25,阴,东北风,3-4级
2015-09-10,15,20,小雨,东北风,3-4级
2015-09-11,15,22,多云~晴,西南风,3-4级
2015-09-12,12,26,晴,西南风,3-4级
2015-09-13,15,28,晴~多云,西南风,3-4级
2015-09-14,14,26,晴,东南风,3-4级
2015-09-15,15,26,晴,南风,3-4级
2015-09-16,16,27,晴~多云,南风,3-4级
2015-09-17,18,27,霾~阵雨,西南风,3-4级
2015-09-18,16,29,晴,东北风,3-4级
2015-09-19,15,28,晴,西南风,3-4级
2015-09-20,16,28,多云~晴,西南风,3-4级
2015-09-21,18,27,多云~阴,西南风,3-4级
2015-09-22,15,25,阵雨~多云,东北风,3-4级
2015-09-23,17,28,晴~阴,东南风,3-4级
2015-09-24,16,24,阴~雷阵雨,西北风,3-4级
2015-09-25,13,27,晴,西北风,3-4级
2015-09-26,15,26,晴,西南风,3-4级
2015-09-27,15,28,晴~阴,西北风,3-4级
2015-09-28,14,18,小雨,东北风,3-4级
2015-09-29,13,17,小雨~多云,东北风,3-4级
2015-09-30,14,21,阵雨~小到中雨,东南风,3-4级
2015-10-01,10,22,晴,西南风,3-4级
2015-10-02,12,26,晴,西南风,3-4级
2015-10-03,12,25,晴,西南风,3-4级
2015-10-04,13,25,晴,东北风,3-4级
2015-10-05,13,26,晴,西南风,3-4级
2015-10-06,15,25,霾~雾,东南风,3-4级
2015-10-07,13,25,霾~晴,东北风,3-4级
2015-10-08,7,19,晴,西北风,3-4级
2015-10-09,8,20,晴,东北风,3-4级
2015-10-10,10,16,晴~多云,西北风,3-4级
2015-10-11,8,22,晴,西北风,3-4级
2015-10-12,9,24,晴,西南风,3-4级
2015-10-13,11,26,晴~阴,东北风,3-4级
2015-10-14,10,22,多云~晴,东北风,3-4级
2015-10-15,11,25,晴,东南风,3-4级
2015-10-16,13,25,霾~阴,西北风,3-4级
2015-10-17,14,23,霾~多云,东北风,3-4级
2015-10-18,11,20,晴~多云,西南风,3-4级
2015-10-19,12,21,晴~多云,东北风,3-4级
2015-10-20,10,14,小雨,东北风,3-4级
2015-10-21,9,12,小雨,西南风,3-4级
2015-10-22,8,11,阴,西北风,3-4级
2015-10-23,8,18,晴~多云,西南风,3-4级
2015-10-24,6,20,晴,西南风,3-4级
2015-10-25,9,15,阴~小雨,西南风,3-4级
2015-10-26,6,15,阴~晴,西北风,3-4级
2015-10-27,4,17,多云~晴,东北风,3-4级
2015-10-28,5,15,晴,西北风,3-4级
2015-10-29,2,12,晴,东北风,3-4级
2015-10-30,1,14,晴,西南风,3-4级
2015-10-31,3,16,晴~多云,西南风,3-4级
2015-11-01,3,18,晴,西北风,3-4级
2015-11-02,5,19,晴,南风,3-4级
2015-11-03,6,17,霾~多云,东南风,3-4级
2015-11-04,9,16,霾~小雨,东北风,3-4级
2015-11-05,2,11,小雨~雨夹雪,东北风,3-4级
2015-11-06,2,3,小雪,东北风,3-4级
2015-11-07,3,5,阴~小雨,东北风,3-4级
2015-11-08,1,10,阴~晴,东南风,3-4级
2015-11-09,3,9,多云~阴,西南风,3-4级
2015-11-10,4,8,霾~雾,西南风,3-4级
2015-11-11,5,9,霾~雾,东南风,3-4级
2015-11-12,6,8,雾~小雨,西南风,3-4级
2015-11-13,6,9,霾~阴,东南风,3-4级
2015-11-14,6,10,霾~雾,西南风,3-4级
2015-11-15,6,13,霾~小雨,东南风,3-4级
2015-11-16,1,10,多云,西南风,3-4级
2015-11-17,2,11,阴~雨夹雪,西南风,3-4级
2015-11-18,3,6,阴,西南风,3-4级
2015-11-19,1,5,小雨~小雪,东南风,3-4级
2015-11-20,0,2,阴~中雪,东北风,3-4级
2015-11-21,-2,1,雨夹雪~中雪,东北风,3-4级
2015-11-22,-4,-1,大雪~小雪,东北风,3-4级
2015-11-23,-6,0,晴~多云,东北风,3-4级
2015-11-24,-8,-2,小雪~多云,西南风,3-4级
2015-11-25,-9,-1,多云~晴,西北风,3-4级
2015-11-26,-8,0,晴~多云,西南风,3-4级
2015-11-27,-5,0,多云~晴,西南风,3-4级
2015-11-28,-4,1,霾,西北风,3-4级
2015-11-29,-5,5,霾,东北风,3-4级
2015-11-30,-3,4,霾~雾,东北风,3-4级
2015-12-01,-3,2,霾~晴,西南风,3-4级
2015-12-02,-3,5,晴,西北风,3-4级
2015-12-03,-4,3,晴,西北风,3-4级
2015-12-04,-5,6,晴,西南风,3-4级
2015-12-05,-4,7,晴~多云,西南风,3-4级
2015-12-06,-2,4,霾~小雪,东北风,3-4级
2015-12-07,0,5,霾~雾,东北风,3-4级
2015-12-08,1,3,霾~雨夹雪,东北风,3-4级
2015-12-09,0,5,霾~雾,西北风,3-4级
2015-12-10,-4,9,晴,东北风,3-4级
2015-12-11,-3,6,晴~多云,西南风,3-4级
2015-12-12,-3,5,晴~多云,东南风,3-4级
2015-12-13,-1,4,霾~小雪,西南风,3-4级
2015-12-14,-2,7,雾~晴,西北风,3-4级
2015-12-15,-3,4,晴,西北风,3-4级
2015-12-16,-7,2,晴,东北风,3-4级
2015-12-17,-6,4,晴,东北风,3-4级
2015-12-18,-5,6,晴,东南风,3-4级
2015-12-19,-3,4,霾,西南风,3-4级
2015-12-20,-5,4,霾~雾,西南风,3-4级
2015-12-21,-4,5,霾~雾,东北风,3-4级
2015-12-22,-5,4,霾~雾,西北风,3-4级
2015-12-23,-5,6,霾~多云,西南风,3-4级
2015-12-24,-6,6,晴,西南风,3-4级
2015-12-25,-4,1,霾~雾,无持续风向,3-4级
2015-12-26,-6,3,雾~晴,东南风,3-4级
2015-12-27,-7,-2,小雪~晴,东北风,3-4级
2015-12-28,-5,2,晴~多云,西南风,3-4级
2015-12-29,-4,4,霾~晴,东南风,3-4级
2015-12-30,-6,5,晴,东北风,3-4级
2015-12-31,-6,4,晴,东北风,3-4级
2016-01-01,-4,5,霾,东北风,3-4级
2016-01-02,-4,6,霾~雾,东北风,3-4级
2016-01-03,-4,3,霾~多云,西南风,3-4级
2016-01-04,-6,2,多云~晴,西北风,3-4级
2016-01-05,-7,1,晴,西南风,3-4级
2016-01-06,-6,3,晴,西北风,3-4级
2016-01-07,-7,2,晴,西北风,3-4级
2016-01-08,-8,2,晴,西南风,3-4级
2016-01-09,-6,3,晴~多云,西北风,3-4级
2016-01-10,-8,1,多云~晴,东北风,3-4级
2016-01-11,-9,-1,晴,东北风,3-4级
2016-01-12,-8,0,晴,西北风,3-4级
2016-01-13,-7,2,晴~多云,西南风,3-4级
2016-01-14,-7,3,晴,南风,3-4级
2016-01-15,-5,4,多云~阴,东南风,3-4级
2016-01-16,-5,-1,阴~小雪,东南风,3-4级
2016-01-17,-10,-2,晴,西北风,3-4级
2016-01-18,-12,-4,晴,东北风,3-4级
2016-01-19,-9,-2,晴,东南风,3-4级
2016-01-20,-7,-2,多云~霾,东北风,3-4级
2016-01-21,-9,-2,小雪~阴,东南风,3-4级
2016-01-22,-16,-7,多云~晴,西北风,3-4级
2016-01-23,-14,-11,晴,西北风,3-4级
2016-01-24,-11,-3,晴,东南风,3-4级
2016-01-25,-8,3,晴,东北风,3-4级
2016-01-26,-9,2,晴,东南风,3-4级
2016-01-27,-7,3,晴~多云,东北风,3-4级
2016-01-28,-7,4,晴~多云,东南风,3-4级
2016-01-29,-6,0,多云~阴,西南风,3-4级
2016-01-30,-10,-3,多云~晴,西北风,3-4级
2016-01-31,-9,1,晴,西南风,3-4级
2016-02-01,-8,4,晴,东北风,3-4级
2016-02-02,-7,5,晴,南风,3-4级
2016-02-03,-5,7,晴~多云,西北风,3-4级
2016-02-04,-5,4,多云,西北风,3-4级
2016-02-05,-4,4,晴,东北风,3-4级
2016-02-06,-6,6,晴,东南风,3-4级
2016-02-07,-4,8,晴,西南风,3-4级
2016-02-08,-3,12,晴,东北风,3-4级
2016-02-09,-3,10,晴~霾,东北风,3-4级
2016-02-10,0,9,晴~阴,东北风,3-4级
2016-02-11,-1,6,小雨~阴,东北风,3-4级
2016-02-12,2,10,小雨~雨夹雪,东北风,3-4级
2016-02-13,-6,4,阴~晴,西北风,3-4级
2016-02-14,-6,1,晴,西北风,3-4级
2016-02-15,-4,5,晴,西北风,3-4级
2016-02-16,-4,9,晴,东北风,3-4级
2016-02-17,-2,9,晴,西南风,3-4级
2016-02-18,-2,9,晴~阴,东北风,3-4级
2016-02-19,-4,8,多云~晴,东北风,3-4级
2016-02-20,-6,4,晴,西南风,3-4级
2016-02-21,-3,6,晴~多云,东南风,3-4级
2016-02-22,-4,8,晴,西北风,3-4级
2016-02-23,-6,4,晴,东北风,3-4级
2016-02-24,-3,7,晴~多云,西北风,3-4级
2016-02-25,-5,6,晴,西北风,3-4级
2016-02-26,-2,8,多云~晴,西北风,3-4级
2016-02-27,-2,7,多云~阴,东南风,3-4级
2016-02-28,-4,8,晴,东北风,3-4级
2016-02-29,-4,5,晴~多云,西南风,3-4级
2016-03-01,-2,10,晴,东南风,3-4级
2016-03-02,2,17,晴~多云,东南风,3-4级
2016-03-03,3,16,霾~多云,东北风,3-4级
2016-03-04,5,11,霾~晴,西北风,3-4级
2016-03-05,-1,12,浮尘~晴,东北风,3-4级
2016-03-06,-2,11,多云~晴,南风,3-4级
2016-03-07,-1,12,晴~多云,东北风,3-4级
2016-03-08,-2,6,多云~晴,东北风,3-4级
2016-03-09,-4,6,多云~晴,西北风,3-4级
2016-03-10,-4,7,晴,西北风,3-4级
2016-03-11,-2,8,晴~多云,西南风,3-4级
2016-03-12,2,9,多云~晴,东北风,3-4级
2016-03-13,-2,12,晴,西南风,3-4级
2016-03-14,3,15,晴~多云,西南风,3-4级
2016-03-15,2,14,多云~霾,西南风,3-4级
2016-03-16,6,17,霾,西南风,3-4级
2016-03-17,6,18,霾~雾,南风,3-4级
2016-03-18,5,21,霾~多云,东北风,3-4级
2016-03-19,3,16,多云,西南风,3-4级
2016-03-20,4,17,晴,西南风,3-4级
2016-03-21,7,20,晴~多云,东南风,3-4级
2016-03-22,5,14,阴~晴,东南风,3-4级
2016-03-23,3,15,晴,东北风,3-4级
2016-03-24,3,15,晴,西南风,3-4级
2016-03-25,3,15,晴,西南风,3-4级
2016-03-26,5,19,晴,西北风,3-4级
2016-03-27,5,21,晴~多云,西南风,3-4级
2016-03-28,8,22,多云~晴,西北风,3-4级
2016-03-29,7,22,晴,西南风,3-4级
2016-03-30,7,22,晴,东北风,3-4级
2016-03-31,13,23,晴~阴,西南风,3-4级
2016-04-01,11,23,晴~多云,东北风,3-4级
2016-04-02,8,18,多云,西北风,3-4级
2016-04-03,6,19,晴,西南风,3-4级
2016-04-04,8,22,晴,西南风,3-4级
2016-04-05,11,24,晴~阴,东北风,3-4级
2016-04-06,12,22,阵雨,东北风,3-4级
2016-04-07,8,24,晴,东北风,3-4级
2016-04-08,10,25,晴,西南风,3-4级
2016-04-09,8,26,晴,东南风,3-4级
2016-04-10,5,19,晴,东南风,3-4级
2016-04-11,8,17,阴~小雨,东北风,3-4级
2016-04-12,8,19,多云~晴,西南风,3-4级
2016-04-13,11,26,晴,西北风,3-4级
2016-04-14,10,24,晴~多云,西南风,3-4级
2016-04-15,13,23,阵雨~小雨,西北风,3-4级
2016-04-16,11,22,多云~晴,西北风,3-4级
2016-04-17,10,20,晴~阴,西北风,3-4级
2016-04-18,8,21,晴~阴,西南风,3-4级
2016-04-19,8,15,小雨~阴,东北风,3-4级
2016-04-20,10,26,晴,西南风,3-4级
2016-04-21,15,30,晴,西北风,3-4级
2016-04-22,11,25,晴,东北风,3-4级
2016-04-23,8,23,晴,西南风,3-4级
2016-04-24,17,27,晴,西南风,3-4级
2016-04-25,14,29,晴~多云,东南风,3-4级
2016-04-26,14,24,多云~阴,东南风,3-4级
2016-04-27,12,19,小雨~阴,西北风,3-4级
2016-04-28,13,26,多云,东北风,3-4级
2016-04-29,15,28,多云~晴,西北风,3-4级
2016-04-30,15,31,霾~多云,东南风,3-4级
2016-05-01,18,32,霾~雷阵雨,西南风,3-4级
2016-05-02,12,18,阵雨~多云,东北风,3-4级
2016-05-03,10,27,晴,南风,3-4级
2016-05-04,15,28,多云~阵雨,东北风,3-4级
2016-05-05,16,27,多云~晴,西北风,3-4级
2016-05-06,13,25,晴,西北风,3-4级
2016-05-07,12,28,晴,西南风,3-4级
2016-05-08,15,27,晴~阴,西南风,3-4级
2016-05-09,12,22,小雨~多云,东北风,3-4级
2016-05-10,17,28,晴~多云,西南风,3-4级
2016-05-11,19,29,多云~雷阵雨,西北风,3-4级
2016-05-12,9,23,阴~晴,南风,3-4级
2016-05-13,13,25,晴~阵雨,西南风,3-4级
2016-05-14,11,14,小雨,西南风,3-4级
2016-05-15,10,25,晴,西南风,3-4级
2016-05-16,16,30,晴,西南风,3-4级
2016-05-17,17,31,晴,西南风,3-4级
2016-05-18,18,29,晴~多云,西南风,3-4级
2016-05-19,15,29,晴,西南风,3-4级
2016-05-20,16,29,晴~霾,东南风,3-4级
2016-05-21,15,30,晴~霾,东北风,3-4级
2016-05-22,18,29,晴~多云,西南风,3-4级
2016-05-23,13,24,阵雨,东北风,3-4级
2016-05-24,17,29,晴~阴,西北风,3-4级
2016-05-25,17,28,多云~晴,西北风,3-4级
2016-05-26,16,30,晴,西南风,3-4级
2016-05-27,18,31,多云~晴,西南风,3-4级
2016-05-28,17,30,多云~晴,西南风,3-4级
2016-05-29,17,31,晴,西南风,3-4级
2016-05-30,23,34,多云~阴,西南风,3-4级
2016-05-31,17,28,多云,东南风,3-4级
2016-06-01,18,30,多云,西南风,3-4级
2016-06-02,20,31,晴~多云,西南风,3-4级
2016-06-03,19,29,阴,西南风,3-4级
2016-06-04,19,30,阴,东南风,3-4级
2016-06-05,18,30,多云,东南风,3-4级
2016-06-06,20,31,多云~雷阵雨,东北风,3-4级
2016-06-07,16,26,多云~晴,西南风,3-4级
2016-06-08,19,31,多云,东南风,3-4级
2016-06-09,22,32,阴~雷阵雨,西南风,3-4级
2016-06-10,20,31,雷阵雨~晴,西北风,3-4级
2016-06-11,18,30,多云~晴,西南风,3-4级
2016-06-12,20,31,多云~阴,东南风,3-4级
2016-06-13,18,22,雷阵雨~中到大雨,西北风,3-4级
2016-06-14,18,24,雷阵雨~阴,东北风,3-4级
2016-06-15,17,31,晴,东北风,3-4级
2016-06-16,22,34,晴~多云,西南风,3-4级
2016-06-17,20,32,多云~雷阵雨,东北风,3-4级
2016-06-18,21,33,多云~晴,西南风,3-4级
2016-06-19,24,35,多云~雷阵雨,西南风,3-4级
2016-06-20,22,33,雷阵雨,东北风,3-4级
2016-06-21,23,34,雷阵雨,西南风,3-4级
2016-06-23,20,35,阴~多云,东南风,3-4级
2016-06-24,21,33,阴~晴,西北风,3-4级
2016-06-25,22,35,晴,西南风,3-4级
2016-06-26,24,36,晴~阴,西南风,3-4级
2016-06-27,21,32,雷阵雨,东北风,3-4级
2016-06-28,20,23,雷阵雨,南风,3-4级
2016-06-29,22,29,雷阵雨,东南风,3-4级
2016-06-30,22,31,多云~雷阵雨,东南风,3-4级
2016-07-01,21,32,晴~多云,西南风,3-4级
2016-07-02,21,33,晴~多云,西南风,3-4级
2016-07-03,23,31,雷阵雨~阴,西南风,3-4级
2016-07-04,20,30,霾~多云,,3-4级
2016-07-05,22,32,多云~霾,,3-4级
2016-07-06,22,32,晴~霾,,3-4级
2016-07-07,23,33,晴~霾,,3-4级
2016-07-08,24,32,多云~霾,,3-4级
2016-07-09,25,34,多云~霾,,3-4级
2016-07-10,26,36,多云~霾,,3-4级
2016-07-11,24,36,多云~雷阵雨,,3-4级
2016-07-12,23,28,阵雨~晴,东北风,3-4级
2016-07-13,23,35,晴~多云,东北风,3-4级
2016-07-14,22,31,阵雨,西风,3-4级
2016-07-15,21,28,阵雨转多云,东北风,3-4级
2016-07-16,22,28,阵雨转多云,北风,3-4级
2016-07-17,23,32,多云转晴,东北风,3-4级
2016-07-18,24,31,多云转阴,东风,3-4级
2016-07-19,22,26,中到大雨,东北风,3-4级
2016-07-20,21,23,暴雨,东北风,3-4级
2016-07-21,23,28,阵雨,北风,3-4级
2016-07-22,25,31,多云,南风,3-4级
2016-07-23,26,33,雷阵雨,南风,3-4级
2016-07-24,24,33,雷阵雨,东南风,3-4级
2016-07-25,23,29,阵雨,东北风,3-4级
2016-07-26,24,33,晴,西南风,3-4级
2016-07-27,25,34,多云,北风,3-4级
2016-07-28,23,33,雷阵雨,西风,3-4级
2016-07-29,25,32,多云,东风,3-4级
2016-07-30,25,29,雷阵雨,西南风,3-4级
2016-07-31,24,32,阴,东风,3-4级
2016-08-01,24,30,阴,南风~北风,1级
2016-08-02,24,33,晴,南风~北风,2级
2016-08-03,25,34,晴,西南风,1级
2016-08-04,25,33,多云,东南风,2级
2016-08-05,25,32,多云,东南风,2级
2016-08-06,24,33,多云,西南风,2级
2016-08-07,23,31,晴,西南风,1级
2016-08-08,24,32,晴,西南风,2级
2016-08-09,25,33,晴,西南风,2级
2016-08-10,26,33,多云,西南风,2级
2016-08-11,27,34,多云,南风,1级
2016-08-12,25,29,中雨,东北风,1级
2016-08-13,24,31,阵雨,西北风,2级
2016-08-14,24,33,多云,西南风,2级
2016-08-15,21,29,阵雨,西风,2级
2016-08-16,23,31,晴,西南风,2级
2016-08-17,23,28,阵雨,北风,2级
2016-08-18,22,24,小到中雨,东北风,2级
2016-08-19,22,32,晴,南风,2级
2016-08-20,23,31,多云,南风,2级
2016-08-21,23,34,晴,西南风,2级
2016-08-22,23,32,多云,西南风,1级
2016-08-23,24,30,阵雨,东北风,1级
2016-08-24,24,31,阵雨,西南风,2级
2016-08-25,18,30,多云,东北风,2级
2016-08-26,17,29,晴,西南风,2级
2016-08-27,20,32,晴,西南风,2级
2016-08-28,18,31,晴,西南风,2级
2016-08-29,19,31,晴,南风,1级
2016-08-30,19,31,多云,西南风,2级
2016-08-31,19,33,晴,北风,2级
2016-09-01,19,27,阴,西风,1级
2016-09-02,19,28,多云,东风,2级
2016-09-03,20,30,晴,西南风,2级
2016-09-04,18,29,雷阵雨,西南风,1级
2016-09-05,20,31,晴,西南风,2级
2016-09-06,21,30,多云,西南风,2级
2016-09-07,19,31,晴,南风,1级
2016-09-08,18,31,晴,西南风,1级
2016-09-09,19,31,多云,西南风,2级
2016-09-10,18,30,多云,西南风,1级
2016-09-11,18,25,雷阵雨,东风,2级
2016-09-12,18,27,多云,南风,1级
2016-09-13,19,27,多云,南风,1级
2016-09-14,20,30,多云,西南风,1级
2016-09-15,21,30,晴,南风,1级
2016-09-16,20,30,雷阵雨,东风,2级
2016-09-17,17,24,多云,东北风,1级
2016-09-18,15,22,阵雨,北风,1级
2016-09-19,13,25,晴,东风,1级
2016-09-20,14,26,晴,东南风,1级
2016-09-21,16,23,阵雨,东北风,1级
2016-09-22,17,26,阵雨,南风,2级
2016-09-23,19,27,晴,南风,1级
2016-09-24,20,29,多云,南风,1级
2016-09-25,19,27,霾,东南风,1级
2016-09-26,19,24,阵雨,南风,微风
2016-09-27,12,23,多云,东北风,2级
2016-09-28,10,20,晴,西南风,2级
2016-09-29,12,22,晴,南风,1级
2016-09-30,14,24,晴,西南风,1级
2016-10-01,15,26,霾,东风,1级
2016-10-02,16,26,霾,东南风,1级
2016-10-03,16,28,霾,东北风,1级
2016-10-04,11,19,小雨,东北风,2级
2016-10-05,13,21,多云,西南风,1级
2016-10-06,14,17,小雨,东南风,2级
2016-10-07,12,16,小雨,西风,1级
2016-10-08,5,19,晴,东北风,1级
2016-10-09,8,18,多云,南风,1级
2016-10-10,10,20,多云,北风,微风
2016-10-11,10,20,晴,东南风,2级
2016-10-12,10,19,阴,西南风,1级
2016-10-13,12,22,霾,南风,1级
2016-10-14,13,23,霾,东风,1级
2016-10-15,11,17,小雨,南风,1级
2016-10-16,12,20,霾,西南风,1级
2016-10-17,9,21,晴,东南风,1级
2016-10-18,12,20,阴,南风,1级
2016-10-19,14,22,霾,北风,1级
2016-10-20,11,15,小雨,东北风,1级
2016-10-21,11,11,小雨,北风,1级
2016-10-22,7,15,多云,东风,1级
2016-10-23,0,5,多云,无持续风向,小于3级
2016-10-24,6,13,阴,西南风,1级
2016-10-25,10,17,霾,西南风,1级
2016-10-26,0,10,阴,无持续风向,小于3级
2016-10-27,7,11,小雨,北风,1级
2016-10-28,2,13,晴,北风,1级
2016-10-29,2,12,晴,西南风,2级
2016-10-30,2,13,多云,北风,4级
2016-10-31,-4,6,晴,西北风,2级
2016-11-01,-2,8,多云,西南风,2级
2016-11-02,1,12,晴,西南风,2级
2016-11-03,2,13,霾,南风,2级
2016-11-04,4,14,霾,西风,1级
2016-11-05,2,18,晴,南风,2级
2016-11-06,3,10,阴,北风,1级
2016-11-07,2,11,晴,西北风,2级
2016-11-08,-1,11,晴,南风,2级
2016-11-09,2,8,霾,东北风,1级
2016-11-10,1,10,霾,南风,1级
2016-11-11,1,11,多云,北风,微风
2016-11-12,2,12,晴,东南风,1级
2016-11-13,3,11,霾,东风,1级
2016-11-14,-2,13,晴,东北风,2级
2016-11-15,0,11,晴,南风,微风
2016-11-16,2,11,晴,东风,1级
2016-11-17,4,7,霾,东风,1级
2016-11-18,6,10,霾,北风,1级
2016-11-19,0,3,小雨,无持续风向,小于3级
2016-11-20,-1,5,雨夹雪,东北风,3级
2016-11-21,-9,0,小雪,北风,3级
2016-11-22,-8,0,晴,北风,2级
2016-11-23,-6,3,晴,西北风,2级
2016-11-24,-6,4,晴,南风,1级
2016-11-25,-5,5,霾,西南风,1级
2016-11-26,-4,8,霾,西南风,1级
2016-11-27,-4,8,晴,东北风,2级
2016-11-28,-4,8,晴,南风,微风
2016-11-29,-3,4,雨夹雪,东北风,1级
2016-11-30,-1,9,霾,东北风,1级
2016-12-01,-4,9,晴,南风,1级
2016-12-02,-3,9,霾,西南风,1级
2016-12-03,-2,8,霾,东北风,1级
2016-12-04,-2,9,霾,东北风,1级
2016-12-05,-5,6,晴,东风,1级
2016-12-06,-3,6,晴,南风,微风
2016-12-07,-2,8,多云,西南风,1级
2016-12-08,-2,9,晴,东北风,2级
2016-12-09,-5,5,晴,西南风,1级
2016-12-10,-4,5,晴,西南风,1级
2016-12-11,-1,4,霾,东北风,1级
2016-12-12,-2,6,霾,北风,1级
2016-12-13,-7,4,多云,东北风,1级
2016-12-14,-6,3,晴,西南风,2级
2016-12-15,-6,6,晴,西北风,1级
2016-12-16,-6,6,晴,东风,1级
2016-12-17,-4,6,霾,东北风,1级
2016-12-18,-4,7,霾,南风,1级
2016-12-19,-4,8,霾,西南风,1级
2016-12-20,-2,5,霾,西南风,2级
2016-12-21,-3,3,霾,西南风,2级
2016-12-22,-5,6,晴,北风,2级
2016-12-23,-6,0,晴,南风,小于3级
2016-12-24,-5,4,多云,东风,1级
2016-12-25,-5,4,多云,东风,1级
2016-12-26,-7,4,阴,东北风,1级
2016-12-27,-7,3,晴,西南风,3级
2016-12-28,-7,4,晴,西北风,3级
2016-12-29,-7,4,晴,西南风,2级
2016-12-30,-6,2,霾,南风,1级
2016-12-31,-6,3,霾,西南风,2级
2017-01-01,-12,-5,晴,东南风,2级
2017-01-02,-12,-5,晴,西南风,2级
2017-01-03,-12,-5,晴,南风,2级
2017-01-04,-12,-5,晴,东风,2级
2017-01-05,-12,-5,晴,东北风,2级
2017-01-06,-12,-5,晴,西南风,2级
2017-01-07,-12,-5,晴,东风,2级
2017-01-08,-12,-5,晴,西南风,2级
2017-01-09,-12,-5,晴,西风,2级
2017-01-10,-12,-5,晴,西风,2级
2017-01-11,-12,-5,晴,西风,2级
2017-01-12,-12,-5,晴,南风,2级
2017-01-13,-12,-5,晴,西北风,2级
2017-01-14,-12,-5,晴,东南风,2级
2017-01-15,-12,-5,晴,东北风,2级
2017-01-16,-12,-5,晴,东南风,2级
2017-01-17,-12,-5,晴,西北风,2级
2017-01-18,-12,-5,晴,西南风,2级
2017-01-19,-12,-5,晴,北风,2级
2017-01-20,-12,-5,晴,西南风,2级
2017-01-21,-12,-5,晴,北风,2级
2017-01-22,-12,-5,晴,东南风,2级
2017-01-23,-12,-5,晴,东风,2级
2017-01-24,-12,-5,晴,西南风,2级
2017-01-25,-12,-5,晴,北风,2级
2017-01-26,-12,-5,晴,东北风,2级
2017-01-27,-12,-5,晴,西南风,2级
2017-01-28,-12,-5,晴,东北风,2级
2017-01-29,-12,-5,晴,北风,2级
2017-01-30,-12,-5,晴,西南风,2级
2017-01-31,-12,-5,晴,西北风,2级
2017-02-01,-12,-5,晴,西南风,2级
2017-02-02,-12,-5,晴,北风,2级
2017-02-03,-12,-5,晴,西南风,2级
2017-02-04,-12,-5,晴,西北风,2级
2017-02-05,-12,-5,晴,东北风,2级
2017-02-06,-12,-5,晴,西南风,2级
2017-02-07,-12,-5,晴,东北风,2级
2017-02-08,-12,-5,晴,北风,2级
2017-02-09,-12,-5,晴,北风,2级
2017-02-10,-12,-5,晴,北风,2级
2017-02-11,-12,-5,晴,西南风,2级
2017-02-12,-12,-5,晴,西南风,2级
2017-02-13,-12,-5,晴,东南风,2级
2017-02-14,-12,-5,晴,东北风,2级
2017-02-15,-12,-5,晴,东北风,2级
2017-02-16,-12,-5,晴,北风,2级
2017-02-17,-12,-5,晴,南风,2级
2017-02-18,-12,-5,晴,南风,2级
2017-02-19,-12,-5,晴,北风,2级
2017-02-20,-12,-5,晴,东南风,2级
2017-02-21,-12,-5,晴,东南风,2级
2017-02-22,-12,-5,晴,北风,2级
2017-02-23,-12,-5,晴,西南风,2级
2017-02-24,-12,-5,晴,西北风,2级
2017-02-25,-12,-5,晴,北风,2级
2017-02-26,-12,-5,晴,西南风,2级
2017-02-27,-12,-5,晴,南风,2级
2017-02-28,-12,-5,晴,西北风,2级
2017-03-01,-12,-5,晴,北风,2级
2017-03-02,-12,-5,晴,西南风,2级
2017-03-03,-12,-5,晴,东南风,2级
2017-03-05,-12,-5,晴,北风,2级
2017-03-06,-12,-5,晴,东北风,2级
2017-03-07,-12,-5,晴,北风,2级
2017-03-08,-12,-5,晴,北风,2级
2017-03-09,-12,-5,晴,西风,2级
2017-03-10,-12,-5,晴,西南风,2级
2017-03-11,-12,-5,晴,西北风,2级
2017-03-12,-12,-5,晴,东风,2级
2017-03-13,-12,-5,晴,西南风,2级
2017-03-14,-12,-5,晴,西风,2级
2017-03-15,-12,-5,晴,西南风,2级
2017-03-16,-12,-5,晴,南风,2级
2017-03-17,-12,-5,晴,西南风,2级
2017-03-18,-12,-5,晴,南风,2级
2017-03-19,-12,-5,晴,东南风,2级
2017-03-20,-12,-5,晴,东北风,2级
2017-03-21,-12,-5,晴,西南风,2级
2017-03-22,-12,-5,晴,东南风,2级
2017-03-23,-12,-5,晴,东风,2级
2017-03-24,-12,-5,晴,东北风,2级
2017-03-25,-12,-5,晴,北风,2级
2017-03-26,-12,-5,晴,西北风,2级
2017-03-27,-12,-5,晴,西南风,2级
2017-03-28,-12,-5,晴,西南风,2级
2017-03-29,-12,-5,晴,西南风,2级
2017-03-30,-12,-5,晴,南风,2级
2017-03-31,-12,-5,晴,西南风,2级
2017-04-01,-12,-5,晴,南风,2级
2017-04-02,-12,-5,晴,西南风,2级
2017-04-03,-12,-5,晴,西南风,2级
2017-04-04,-12,-5,晴,西南风,2级
2017-04-05,-12,-5,晴,东南风,2级
2017-04-06,-12,-5,晴,西南风,2级
2017-04-07,-12,-5,晴,东风,2级
2017-04-08,-12,-5,晴,西风,2级
2017-04-09,-12,-5,晴,西南风,2级
2017-04-10,-12,-5,晴,西南风,2级
2017-04-11,-12,-5,晴,北风,2级
2017-04-12,-12,-5,晴,北风,2级
2017-04-13,-12,-5,晴,西风,2级
2017-04-14,-12,-5,晴,西风,2级
2017-04-15,-12,-5,晴,南风,2级
2017-04-16,-12,-5,晴,东风,2级
2017-04-17,-12,-5,晴,西风,2级
2017-04-18,-12,-5,晴,北风,2级
2017-04-19,-12,-5,晴,西南风,2级
2017-04-20,-12,-5,晴,东北风,2级
2017-04-21,-12,-5,晴,西南风,2级
2017-04-22,-12,-5,晴,西南风,2级
2017-04-23,-12,-5,晴,西南风,2级
2017-04-24,-12,-5,晴,北风,2级
2017-04-25,-12,-5,晴,西南风,2级
2017-04-26,-12,-5,晴,北风,2级
2017-04-27,-12,-5,晴,西北风,2级
2017-04-28,-12,-5,晴,西南风,2级
2017-04-29,-12,-5,晴,西南风,2级
2017-04-30,-12,-5,晴,西南风,2级
2017-05-01,-12,-5,晴,东南风,2级
2017-05-02,-12,-5,晴,西南风,2级
2017-05-03,-12,-5,晴,西南风,2级
2017-05-04,-12,-5,晴,南风,2级
2017-05-05,-12,-5,晴,南风,2级
2017-05-06,-12,-5,晴,西南风,2级
2017-05-07,-12,-5,晴,西南风,2级
2017-05-08,-12,-5,晴,西南风,2级
2017-05-09,-12,-5,晴,西南风,2级
2017-05-10,-12,-5,晴,西南风,2级
2017-05-11,-12,-5,晴,北风,2级
2017-05-12,-12,-5,晴,西北风,2级
2017-05-13,-12,-5,晴,西风,2级
2017-05-14,-12,-5,晴,南风,2级
2017-05-15,-12,-5,晴,西南风,2级
2017-05-16,-12,-5,晴,西南风,2级
2017-05-17,-12,-5,晴,南风,2级
2017-05-18,-12,-5,晴,西南风,2级
2017-05-19,-12,-5,晴,西南风,2级
2017-05-20,-12,-5,晴,东南风,2级
2017-05-21,-12,-5,晴,东南风,2级
2017-05-22,-12,-5,晴,东北风,2级
2017-05-23,-12,-5,晴,西南风,2级
2017-05-24,-12,-5,晴,西风,2级
2017-05-25,-12,-5,晴,西南风,2级
2017-05-26,-12,-5,晴,南风,2级
2017-05-27,-12,-5,晴,西南风,2级
2017-05-28,-12,-5,晴,东风,2级
2017-05-29,-12,-5,晴,东风,2级
2017-05-30,-12,-5,晴,西风,2级
2017-05-31,-12,-5,晴,西南风,2级
2017-06-01,-12,-5,晴,南风,2级
2017-06-02,-12,-5,晴,东风,2级
2017-06-03,-12,-5,晴,西南风,2级
2017-06-04,-12,-5,晴,西南风,2级
2017-06-05,-12,-5,晴,南风,2级
2017-06-06,-12,-5,晴,西南风,2级
2017-06-07,-12,-5,晴,西风,2级
2017-06-08,-12,-5,晴,东北风,2级
2017-06-09,-12,-5,晴,西南风,2级
2017-06-10,-12,-5,晴,南风,2级
2017-06-11,-12,-5,晴,北风,2级
2017-06-12,-12,-5,晴,东南风,2级
2017-06-13,-12,-5,晴,南风,2级
2017-06-14,-12,-5,晴,西南风,2级
2017-06-15,-12,-5,晴,南风,2级
2017-06-16,-12,-5,晴,西南风,2级
2017-06-17,-12,-5,晴,西南风,2级
2017-06-18,-12,-5,晴,东风,2级
2017-06-19,-12,-5,晴,西南风,2级
2017-06-20,-12,-5,晴,西南风,2级
2017-06-21,-12,-5,晴,西风,2级
2017-06-22,-12,-5,晴,东风,2级
2017-06-23,-12,-5,晴,东北风,2级
2017-06-24,-12,-5,晴,东南风,2级
2017-06-25,-12,-5,晴,东南风,2级
2017-06-26,-12,-5,晴,南风,2级
2017-06-27,-12,-5,晴,南风,2级
2017-06-28,-12,-5,晴,东风,2级
2017-06-29,-12,-5,晴,北风,2级
2017-06-30,-12,-5,晴,南风,2级
2017-07-01,-12,-5,晴,南风,2级
2017-07-02,-12,-5,晴,东南风,2级
2017-07-03,-12,-5,晴,东南风,2级
2017-07-04,-12,-5,晴,西风,2级
2017-07-05,-12,-5,晴,东南风,2级
2017-07-06,-12,-5,晴,东北风,2级
2017-07-07,-12,-5,晴,南风,2级
2017-07-08,-12,-5,晴,西风,2级
2017-07-09,-12,-5,晴,南风,2级
2017-07-10,-12,-5,晴,南风,2级
2017-07-11,-12,-5,晴,西风,2级
2017-07-12,-12,-5,晴,南风,2级
2017-07-13,-12,-5,晴,西南风,2级
2017-07-14,-12,-5,晴,东风,2级
2017-07-15,-12,-5,晴,东南风,2级
2017-07-16,-12,-5,晴,东风,2级
2017-07-17,-12,-5,晴,东风,2级
2017-07-18,-12,-5,晴,南风,2级
2017-07-19,-12,-5,晴,南风,2级
2017-07-20,-12,-5,晴,西南风,2级
2017-07-21,-12,-5,晴,东风,2级
2017-07-22,-12,-5,晴,南风,2级
2017-07-23,-12,-5,晴,南风,2级
2017-07-24,-12,-5,晴,东北风,2级
2017-07-25,-12,-5,晴,西南风,2级
2017-07-26,-12,-5,晴,东北风,2级
2017-07-27,-12,-5,晴,西风,2级
2017-07-28,-12,-5,晴,西南风,2级
2017-07-29,-12,-5,晴,西南风,2级
2017-07-30,-12,-5,晴,南风,2级
2017-07-31,-12,-5,晴,西南风,2级
2017-08-01,-12,-5,晴,东南风,2级
2017-08-02,-12,-5,晴,东南风,2级
2017-08-03,-12,-5,晴,西南风,2级
2017-08-04,-12,-5,晴,北风,2级
2017-08-05,-12,-5,晴,南风,2级
2017-08-06,-12,-5,晴,西南风,2级
2017-08-07,-12,-5,晴,南风,2级
2017-08-08,-12,-5,晴,南风,2级
2017-08-09,-12,-5,晴,南风,2级
2017-08-10,-12,-5,晴,南风,2级
2017-08-11,-12,-5,晴,东风,2级
2017-08-12,-12,-5,晴,东风,2级
2017-08-13,-12,-5,晴,北风,2级
2017-08-14,-12,-5,晴,东南风,2级
2017-08-15,-12,-5,晴,南风,2级
2017-08-16,-12,-5,晴,南风,2级
2017-08-17,-12,-5,晴,西南风,2级
2017-08-18,-12,-5,晴,西风,2级
2017-08-19,-12,-5,晴,南风,2级
2017-08-20,-12,-5,晴,西南风,2级
2017-08-21,-12,-5,晴,西南风,2级
2017-08-22,-12,-5,晴,南风,2级
2017-08-23,-12,-5,晴,东北风,2级
2017-08-24,-12,-5,晴,西北风,2级
2017-08-25,-12,-5,晴,西北风,2级
2017-08-26,-12,-5,晴,西南风,2级
2017-08-27,-12,-5,晴,东风,2级
2017-08-28,-12,-5,晴,南风,2级
2017-08-29,-12,-5,晴,西南风,2级
2017-08-30,-12,-5,晴,西南风,2级
2017-08-31,-12,-5,晴,西风,2级
2017-09-01,-12,-5,晴,西南风,2级
2017-09-02,-12,-5,晴,西南风,2级
2017-09-03,-12,-5,晴,南风,2级
2017-09-04,-12,-5,晴,南风,2级
2017-09-05,-12,-5,晴,西北风,2级
2017-09-06,-12,-5,晴,西南风,2级
2017-09-07,-12,-5,晴,南风,2级
2017-09-08,-12,-5,晴,东南风,2级
2017-09-09,-12,-5,晴,南风,2级
2017-09-10,-12,-5,晴,西南风,2级
2017-09-11,-12,-5,晴,南风,2级
2017-09-12,-12,-5,晴,南风,2级
2017-09-13,-12,-5,晴,南风,2级
2017-09-14,-12,-5,晴,南风,2级
2017-09-15,-12,-5,晴,西南风,2级
2017-09-16,-12,-5,晴,西南风,2级
2017-09-17,-12,-5,晴,西南风,2级
2017-09-18,-12,-5,晴,西南风,2级
2017-09-19,-12,-5,晴,北风,2级
2017-09-20,-12,-5,晴,南风,2级
2017-09-21,-12,-5,晴,西南风,2级
2017-09-22,-12,-5,晴,北风,2级
2017-09-23,-12,-5,晴,西风,2级
2017-09-24,-12,-5,晴,南风,2级
2017-09-25,-12,-5,晴,西南风,2级
2017-09-26,-12,-5,晴,东风,2级
2017-09-27,-12,-5,晴,东北风,2级
2017-09-28,-12,-5,晴,西南风,2级
2017-09-29,-12,-5,晴,东南风,2级
2017-09-30,-12,-5,晴,西风,2级
2017-10-01,-12,-5,晴,东北风,2级
2017-10-02,-12,-5,晴,西南风,2级
2017-10-03,-12,-5,晴,西南风,2级
2017-10-04,-12,-5,晴,西南风,2级
2017-10-05,-12,-5,晴,西南风,2级
2017-10-06,-12,-5,晴,西南风,2级
2017-10-07,-12,-5,晴,西南风,2级
2017-10-08,-12,-5,晴,西南风,2级
2017-10-09,-12,-5,晴,东北风,2级
2017-10-10,-12,-5,晴,东北风,2级
2017-10-11,-12,-5,晴,北风,2级
2017-10-12,-12,-5,晴,西南风,2级
2017-10-13,-12,-5,晴,北风,2级
2017-10-14,-12,-5,晴,东北风,2级
2017-10-15,-12,-5,晴,东风,2级
2017-10-16,-12,-5,晴,西南风,2级
2017-10-17,-12,-5,晴,西南风,2级
2017-10-18,-12,-5,晴,西南风,2级
2017-10-19,-12,-5,晴,南风,2级
2017-10-20,-12,-5,晴,西南风,2级
2017-10-21,-12,-5,晴,东南风,2级
2017-10-22,-12,-5,晴,东风,2级
2017-10-23,-12,-5,晴,西南风,2级
2017-10-24,-12,-5,晴,西南风,2级
2017-10-25,-12,-5,晴,西北风,2级
2017-10-26,-12,-5,晴,北风,2级
2017-10-27,-12,-5,晴,北风,2级
2017-10-28,-12,-5,晴,北风,2级
2017-10-29,-12,-5,晴,西风,2级
2017-10-30,-12,-5,晴,西南风,2级
2017-10-31,-12,-5,晴,西南风,2级
2017-11-01,-12,-5,晴,西南风,2级
2017-11-02,-12,-5,晴,西北风,2级
2017-11-03,-12,-5,晴,东风,2级
2017-11-04,-12,-5,晴,南风,2级
2017-11-05,-12,-5,晴,东北风,2级
2017-11-06,-12,-5,晴,东风,2级
2017-11-07,-12,-5,晴,东北风,2级
2017-11-08,-12,-5,晴,东风,2级
2017-11-09,-12,-5,晴,北风,2级
2017-11-10,-12,-5,晴,北风,2级
2017-11-11,-12,-5,晴,西南风,2级
2017-11-12,-12,-5,晴,北风,2级
2017-11-13,-12,-5,晴,北风,2级
2017-11-14,-12,-5,晴,西北风,2级
2017-11-15,-12,-5,晴,东南风,2级
2017-11-16,-12,-5,晴,西北风,2级
2017-11-17,-12,-5,晴,北风,2级
2017-11-18,-12,-5,晴,西风,2级
2017-11-19,-12,-5,晴,西风,2级
2017-11-20,-12,-5,晴,西南风,2级
2017-11-21,-12,-5,晴,西风,2级
2017-11-22,-12,-5,晴,西北风,2级
2017-11-23,-12,-5,晴,西北风,2级
2017-11-24,-12,-5,晴,西南风,2级
2017-11-25,-12,-5,晴,东风,2级
2017-11-26,-12,-5,晴,南风,2级
2017-11-27,-12,-5,晴,东北风,2级
2017-11-28,-12,-5,晴,北风,2级
2017-11-29,-12,-5,晴,西南风,2级
2017-11-30,-12,-5,晴,西南风,2级
2017-12-01,-12,-5,晴,西南风,2级
2017-12-02,-12,-5,晴,西南风,2级
2017-12-03,-12,-5,晴,西北风,2级
2017-12-04,-12,-5,晴,西南风,2级
2017-12-05,-12,-5,晴,西南风,2级
2017-12-06,-12,-5,晴,西北风,2级
2017-12-07,-12,-5,晴,北风,2级
2017-12-08,-12,-5,晴,西风,2级
2017-12-09,-12,-5,晴,南风,2级
2017-12-10,-12,-5,晴,东北风,2级
2017-12-11,-12,-5,晴,东北风,2级
2017-12-12,-12,-5,晴,东风,2级
2017-12-13,-12,-5,晴,南风,2级
2017-12-14,-12,-5,晴,西南风,2级
2017-12-15,-12,-5,晴,西北风,2级
2017-12-16,-12,-5,晴,西北风,2级
2017-12-17,-12,-5,晴,西南风,2级
2017-12-18,-12,-5,晴,东北风,2级
2017-12-19,-12,-5,晴,西北风,2级
2017-12-20,-12,-5,晴,西南风,2级
2017-12-21,-12,-5,晴,西南风,2级
2017-12-22,-12,-5,晴,东北风,2级
2017-12-23,-12,-5,晴,西南风,2级
2017-12-24,-12,-5,晴,西北风,2级
2017-12-25,-12,-5,晴,西北风,2级
2017-12-26,-12,-5,晴,西南风,2级
2017-12-27,-12,-5,晴,东北风,2级
2017-12-28,-12,-5,晴,南风,2级
2017-12-29,-12,-5,晴,东风,2级
2017-12-30,-12,-5,晴,西北风,2级
2017-12-31,-12,-5,晴,西南风,2级
